source,kind,joint,frame,angle_deg
2D,推定,spine0,1,1.05957985422696
2D,推定,spine0,2,0.3469804057263487
2D,推定,spine0,3,1.2038968693337897
2D,推定,spine0,4,3.6931360336850183
2D,推定,spine0,5,6.097854369263044
2D,推定,spine0,6,7.148114185074691
2D,推定,spine0,7,8.482760609455624
2D,推定,spine0,8,11.452620847878691
2D,推定,spine0,9,9.981948841891121
2D,推定,spine0,10,7.971394668483306
2D,推定,spine0,11,6.705008473409897
2D,推定,spine0,12,5.882228753517543
2D,推定,spine0,13,3.899066836128054
2D,推定,spine0,14,5.0381616823133255
2D,推定,spine0,15,7.169585164897255
2D,推定,spine0,16,11.521409463779099
2D,推定,spine0,17,15.898156661043064
2D,推定,spine0,18,14.237298840524634
2D,推定,spine0,19,10.654621886305383
2D,推定,spine0,20,10.083668750536823
2D,推定,spine0,21,10.394755237586264
2D,推定,spine0,22,6.835710490899172
2D,推定,spine0,23,0.33511185576563546
2D,推定,spine0,24,3.727610734637241
2D,推定,spine0,25,0.3823236632407484
2D,推定,spine0,26,3.7974560241947866
2D,推定,spine0,27,0.24268859685976735
2D,推定,spine0,28,27.049647464784798
2D,推定,spine0,29,32.614012739841534
2D,推定,spine0,30,14.31861919545271
2D,推定,spine0,31,14.659895015434364
2D,推定,spine0,32,7.12485614609816
2D,推定,spine0,33,18.565656337050868
2D,推定,spine0,34,18.180297044554997
2D,推定,spine0,35,17.45775253819934
2D,推定,spine0,36,10.3462139525967
2D,推定,spine0,37,5.165134265911625
2D,推定,spine0,38,10.084306778885711
2D,推定,spine0,39,14.859874139837261
2D,推定,spine0,40,17.506469055114348
2D,推定,spine0,41,14.50823093784969
2D,推定,spine0,42,17.32288567498071
2D,推定,spine0,43,26.69066117538014
2D,推定,spine0,44,18.673940406457586
2D,推定,spine0,45,16.34047132850821
2D,推定,spine0,46,17.96786588248795
2D,推定,spine0,47,12.931534344567744
2D,推定,spine0,48,9.446213056595594
2D,推定,spine0,49,2.8974593947488847
2D,推定,spine0,50,5.405759961218032
2D,推定,spine0,51,5.409878387298904
2D,推定,spine0,52,2.548419184910453
2D,推定,spine0,53,3.8089315275052784
2D,推定,spine0,54,2.2957711206148734
2D,推定,spine0,55,2.3885140203170026
2D,推定,spine0,56,0.12976979470504554
2D,推定,spine0,57,2.8794331229770003
2D,推定,spine0,58,6.383510695899183
2D,推定,spine0,59,6.462515790802839
2D,推定,spine0,60,5.502404589159121
2D,推定,spine0,61,2.4487992095785627
2D,推定,spine0,62,0.9173812257273355
2D,推定,spine0,63,0.5201532338256318
2D,推定,spine0,64,0.41407766192165674
2D,推定,spine0,65,0.9070223879697885
2D,推定,spine0,66,1.7247739058611007
2D,推定,spine0,67,1.6256511074972697
2D,推定,spine0,68,0.03223304659230364
2D,推定,spine0,69,0.11838292609732148
2D,推定,spine0,70,0.4473548313678508
2D,推定,spine0,71,0.2369898282254256
2D,推定,spine0,72,1.3137218204905923
2D,推定,spine0,73,0.4972237483724283
2D,推定,spine0,74,2.2273773414637184
2D,推定,spine0,75,2.643394754114988
2D,推定,spine0,76,1.3893911239188557
2D,推定,spine0,77,0.33721663626763454
2D,推定,spine0,78,0.789872906683796
2D,推定,spine0,79,1.0006724986899371
2D,推定,spine0,80,2.091140493463601
2D,推定,spine0,81,2.973023471070384
2D,推定,spine0,82,3.244039039035971
2D,推定,spine0,83,3.5618109568587166
2D,推定,spine0,84,4.749189322423794
2D,推定,spine0,85,4.996538873331715
2D,推定,spine0,86,4.420091410036228
2D,推定,spine0,87,4.221220967423929
2D,推定,spine0,88,4.088367773764502
2D,推定,spine0,89,4.159122927160519
2D,推定,spine0,90,4.107437872484368
2D,推定,spine0,91,3.9806300732576148
2D,推定,spine0,92,4.202836745885931
2D,推定,spine0,93,4.123869131285751
2D,推定,spine0,94,4.535352792187989
2D,推定,spine0,95,4.649686474524005
2D,推定,spine0,96,4.617946874224802
2D,推定,spine0,97,4.6457552411211696
2D,推定,spine0,98,4.501163729505494
2D,推定,spine0,99,3.6797700902133004
2D,推定,spine0,100,3.846733730373671
2D,推定,spine0,101,4.3393849765506305
2D,推定,spine1,1,171.37945283439217
2D,推定,spine1,2,172.78451693990226
2D,推定,spine1,3,172.5335321873725
2D,推定,spine1,4,172.05087611508526
2D,推定,spine1,5,171.9815502036861
2D,推定,spine1,6,173.41750460892663
2D,推定,spine1,7,173.4546724020911
2D,推定,spine1,8,173.39043332471752
2D,推定,spine1,9,175.8711983877221
2D,推定,spine1,10,169.26085493605285
2D,推定,spine1,11,166.08278216382848
2D,推定,spine1,12,167.72342930559662
2D,推定,spine1,13,162.8673995176354
2D,推定,spine1,14,161.0540585678704
2D,推定,spine1,15,164.33461702925032
2D,推定,spine1,16,158.76710719692446
2D,推定,spine1,17,153.6070183585285
2D,推定,spine1,18,142.23873170368793
2D,推定,spine1,19,134.2864646444488
2D,推定,spine1,20,153.51627175975614
2D,推定,spine1,21,154.59290741797628
2D,推定,spine1,22,149.59947683758057
2D,推定,spine1,23,160.07015126527122
2D,推定,spine1,24,173.19992579118647
2D,推定,spine1,25,179.46619155737287
2D,推定,spine1,26,168.66076007912008
2D,推定,spine1,27,155.24033478057333
2D,推定,spine1,28,128.9770972806914
2D,推定,spine1,29,112.54166709186129
2D,推定,spine1,30,130.69820950232082
2D,推定,spine1,31,131.36103766665
2D,推定,spine1,32,155.1577939768013
2D,推定,spine1,33,169.4723831216698
2D,推定,spine1,34,169.38609248653793
2D,推定,spine1,35,175.6458498032643
2D,推定,spine1,36,167.31416180462568
2D,推定,spine1,37,166.05202164078815
2D,推定,spine1,38,170.61056074629312
2D,推定,spine1,39,176.61701016987448
2D,推定,spine1,40,176.62508097326304
2D,推定,spine1,41,176.57971017011133
2D,推定,spine1,42,178.1629973000116
2D,推定,spine1,43,161.94826434970707
2D,推定,spine1,44,175.61478763054643
2D,推定,spine1,45,176.55832298982432
2D,推定,spine1,46,174.27686432885054
2D,推定,spine1,47,178.86650228111714
2D,推定,spine1,48,176.62645780534194
2D,推定,spine1,49,172.1450930498091
2D,推定,spine1,50,174.4457637437282
2D,推定,spine1,51,172.75744037544484
2D,推定,spine1,52,169.66473601967493
2D,推定,spine1,53,175.7382589902306
2D,推定,spine1,54,175.391344951249
2D,推定,spine1,55,170.55460489549458
2D,推定,spine1,56,169.7952825516728
2D,推定,spine1,57,166.54035564871936
2D,推定,spine1,58,166.7683906829437
2D,推定,spine1,59,167.56581694917304
2D,推定,spine1,60,165.8683953588958
2D,推定,spine1,61,167.48878329421717
2D,推定,spine1,62,166.29670876489672
2D,推定,spine1,63,168.64009113707627
2D,推定,spine1,64,169.1174441835415
2D,推定,spine1,65,171.57245873052747
2D,推定,spine1,66,171.5478720503923
2D,推定,spine1,67,171.43465384326214
2D,推定,spine1,68,163.36219458175987
2D,推定,spine1,69,167.37745932080946
2D,推定,spine1,70,165.25775553071162
2D,推定,spine1,71,168.74581545907867
2D,推定,spine1,72,171.25323449978833
2D,推定,spine1,73,168.12567544413693
2D,推定,spine1,74,167.15611720600373
2D,推定,spine1,75,166.2510158350922
2D,推定,spine1,76,163.3132931076982
2D,推定,spine1,77,162.5552020290983
2D,推定,spine1,78,160.90945315006655
2D,推定,spine1,79,158.25343340310292
2D,推定,spine1,80,155.0732433667997
2D,推定,spine1,81,152.2754548392408
2D,推定,spine1,82,152.71884797273813
2D,推定,spine1,83,153.9913025386565
2D,推定,spine1,84,154.6604213394357
2D,推定,spine1,85,154.4929972893184
2D,推定,spine1,86,154.98521550785534
2D,推定,spine1,87,154.37091924811244
2D,推定,spine1,88,154.70335465988353
2D,推定,spine1,89,154.46622962235125
2D,推定,spine1,90,155.2465700095238
2D,推定,spine1,91,155.835913087963
2D,推定,spine1,92,155.6468933546957
2D,推定,spine1,93,155.5260371473898
2D,推定,spine1,94,154.75974404761885
2D,推定,spine1,95,153.60561154909658
2D,推定,spine1,96,153.68693093186403
2D,推定,spine1,97,153.57174095784148
2D,推定,spine1,98,153.9922079115084
2D,推定,spine1,99,153.65295923994873
2D,推定,spine1,100,151.7161360138353
2D,推定,spine1,101,151.33276383293926
2D,推定,spine2,1,172.38556845544852
2D,推定,spine2,2,173.05511149333947
2D,推定,spine2,3,172.54208457336543
2D,推定,spine2,4,168.94526008002984
2D,推定,spine2,5,165.1907311953054
2D,推定,spine2,6,162.10630032271203
2D,推定,spine2,7,159.67658729275695
2D,推定,spine2,8,153.74970252559015
2D,推定,spine2,9,144.57164715964123
2D,推定,spine2,10,143.10542491315172
2D,推定,spine2,11,142.76640633622426
2D,推定,spine2,12,147.06689788158283
2D,推定,spine2,13,144.8512064686154
2D,推定,spine2,14,141.11828616715772
2D,推定,spine2,15,141.73617936847273
2D,推定,spine2,16,124.9177930529158
2D,推定,spine2,17,115.35969270945425
2D,推定,spine2,18,110.44168058581059
2D,推定,spine2,19,106.15130533563072
2D,推定,spine2,20,126.55535646461064
2D,推定,spine2,21,120.4792631716638
2D,推定,spine2,22,126.03806554818985
2D,推定,spine2,23,143.95976602595826
2D,推定,spine2,24,143.66630685484353
2D,推定,spine2,25,168.11624966709698
2D,推定,spine2,26,175.07725208470293
2D,推定,spine2,27,160.67093948139944
2D,推定,spine2,28,165.2402279374905
2D,推定,spine2,29,175.95145345459446
2D,推定,spine2,30,166.49985189781955
2D,推定,spine2,31,161.38983044556014
2D,推定,spine2,32,158.6630985272162
2D,推定,spine2,33,163.13932578958097
2D,推定,spine2,34,166.28746255579196
2D,推定,spine2,35,164.76253099059502
2D,推定,spine2,36,175.35061270387436
2D,推定,spine2,37,173.50116063316892
2D,推定,spine2,38,163.55203849224932
2D,推定,spine2,39,160.35116615626072
2D,推定,spine2,40,159.91649588006683
2D,推定,spine2,41,160.3036903152867
2D,推定,spine2,42,167.18169621043006
2D,推定,spine2,43,179.35071217514826
2D,推定,spine2,44,171.61055025426705
2D,推定,spine2,45,168.8436928788232
2D,推定,spine2,46,169.38689031230282
2D,推定,spine2,47,167.5376381448076
2D,推定,spine2,48,168.30112304329666
2D,推定,spine2,49,171.89432131560042
2D,推定,spine2,50,166.80980981905708
2D,推定,spine2,51,166.20960440766004
2D,推定,spine2,52,165.6073698798195
2D,推定,spine2,53,171.23949849986633
2D,推定,spine2,54,172.4101253440315
2D,推定,spine2,55,173.1783079557442
2D,推定,spine2,56,167.7307868168757
2D,推定,spine2,57,169.40431835615524
2D,推定,spine2,58,175.93695518758892
2D,推定,spine2,59,176.1278184429746
2D,推定,spine2,60,174.90386696166308
2D,推定,spine2,61,171.4310307817671
2D,推定,spine2,62,164.46141681454915
2D,推定,spine2,63,165.12264237742272
2D,推定,spine2,64,170.9133068400772
2D,推定,spine2,65,171.42992247002908
2D,推定,spine2,66,171.64904301312055
2D,推定,spine2,67,176.1435075802556
2D,推定,spine2,68,170.7435360775411
2D,推定,spine2,69,174.21906763115888
2D,推定,spine2,70,172.46819325425065
2D,推定,spine2,71,176.93100860659868
2D,推定,spine2,72,179.39190424658807
2D,推定,spine2,73,172.71564283654797
2D,推定,spine2,74,169.51224229236075
2D,推定,spine2,75,167.5551921311596
2D,推定,spine2,76,172.60553630781035
2D,推定,spine2,77,175.2532318545807
2D,推定,spine2,78,174.62136895561937
2D,推定,spine2,79,169.96668681607233
2D,推定,spine2,80,169.97475767200578
2D,推定,spine2,81,170.27947124623003
2D,推定,spine2,82,169.1465835789055
2D,推定,spine2,83,169.92379954220252
2D,推定,spine2,84,172.1869903653916
2D,推定,spine2,85,172.8511236147501
2D,推定,spine2,86,172.66332516680043
2D,推定,spine2,87,172.03573632447447
2D,推定,spine2,88,173.31066039523063
2D,推定,spine2,89,173.51989984582826
2D,推定,spine2,90,174.24333917996674
2D,推定,spine2,91,175.36659373422745
2D,推定,spine2,92,175.2360829279917
2D,推定,spine2,93,174.27406212205335
2D,推定,spine2,94,173.90171523531424
2D,推定,spine2,95,171.47892670407492
2D,推定,spine2,96,171.60631850902115
2D,推定,spine2,97,171.76151350323144
2D,推定,spine2,98,171.9059213593447
2D,推定,spine2,99,169.7215247777849
2D,推定,spine2,100,168.0107018188153
2D,推定,spine2,101,169.330505047722
2D,推定,spine3,1,136.82738387811943
2D,推定,spine3,2,140.29620116326473
2D,推定,spine3,3,142.49584250342767
2D,推定,spine3,4,142.72740217135325
2D,推定,spine3,5,141.08613065838443
2D,推定,spine3,6,139.65435720668734
2D,推定,spine3,7,138.9987060038895
2D,推定,spine3,8,135.9475824467153
2D,推定,spine3,9,133.8829147303015
2D,推定,spine3,10,136.34995447991858
2D,推定,spine3,11,136.79251719928297
2D,推定,spine3,12,137.619729301783
2D,推定,spine3,13,139.7294416341446
2D,推定,spine3,14,141.08412512405312
2D,推定,spine3,15,141.27049849469324
2D,推定,spine3,16,142.87644748236102
2D,推定,spine3,17,145.585330896441
2D,推定,spine3,18,152.34318159828376
2D,推定,spine3,19,154.62136263129614
2D,推定,spine3,20,160.1394575476291
2D,推定,spine3,21,151.89772994523733
2D,推定,spine3,22,158.13157035802888
2D,推定,spine3,23,161.7296132386055
2D,推定,spine3,24,156.92074573805218
2D,推定,spine3,25,168.5591469419619
2D,推定,spine3,26,165.69151841410178
2D,推定,spine3,27,173.1694282279554
2D,推定,spine3,28,157.8121184469182
2D,推定,spine3,29,159.51159829184994
2D,推定,spine3,30,161.260319488862
2D,推定,spine3,31,162.15091157355687
2D,推定,spine3,32,153.90416627568052
2D,推定,spine3,33,147.84873971093566
2D,推定,spine3,34,143.21323352646152
2D,推定,spine3,35,157.9606598270122
2D,推定,spine3,36,138.3299584449593
2D,推定,spine3,37,147.4354553274255
2D,推定,spine3,38,158.41788675120168
2D,推定,spine3,39,165.7562926107077
2D,推定,spine3,40,160.9742540495911
2D,推定,spine3,41,162.48883394672066
2D,推定,spine3,42,156.72916185201765
2D,推定,spine3,43,147.2607758443683
2D,推定,spine3,44,152.30587960072853
2D,推定,spine3,45,159.48782758926853
2D,推定,spine3,46,160.77256030033237
2D,推定,spine3,47,163.1686749267754
2D,推定,spine3,48,163.7859868788987
2D,推定,spine3,49,164.12606553189872
2D,推定,spine3,50,165.6159659040439
2D,推定,spine3,51,164.4520477534001
2D,推定,spine3,52,167.5251364770045
2D,推定,spine3,53,165.18905292442415
2D,推定,spine3,54,165.5244951113616
2D,推定,spine3,55,164.74831266064862
2D,推定,spine3,56,167.5310277398708
2D,推定,spine3,57,167.02654245886802
2D,推定,spine3,58,169.06724712535274
2D,推定,spine3,59,166.3483068258487
2D,推定,spine3,60,163.86496902038525
2D,推定,spine3,61,169.05631212851426
2D,推定,spine3,62,174.90731109561298
2D,推定,spine3,63,177.91692442946726
2D,推定,spine3,64,174.8892080379787
2D,推定,spine3,65,176.01368717532017
2D,推定,spine3,66,167.96799455945708
2D,推定,spine3,67,163.6036713384858
2D,推定,spine3,68,160.8933002631799
2D,推定,spine3,69,163.56578393996384
2D,推定,spine3,70,164.17534268312565
2D,推定,spine3,71,161.17049971702298
2D,推定,spine3,72,159.82661145408133
2D,推定,spine3,73,160.86156501250323
2D,推定,spine3,74,158.9796663745262
2D,推定,spine3,75,158.55077537859805
2D,推定,spine3,76,152.62061082013196
2D,推定,spine3,77,153.4756924113052
2D,推定,spine3,78,152.21173944288176
2D,推定,spine3,79,155.84900221677296
2D,推定,spine3,80,156.07561066690488
2D,推定,spine3,81,153.75287335747112
2D,推定,spine3,82,157.0797828241118
2D,推定,spine3,83,158.10733703676146
2D,推定,spine3,84,158.71863820826448
2D,推定,spine3,85,158.11300634375317
2D,推定,spine3,86,157.89866368252225
2D,推定,spine3,87,156.8105986476837
2D,推定,spine3,88,155.74827027179887
2D,推定,spine3,89,155.13851421590343
2D,推定,spine3,90,155.26748214927008
2D,推定,spine3,91,154.87431252204357
2D,推定,spine3,92,154.85500134296802
2D,推定,spine3,93,154.97854774579562
2D,推定,spine3,94,154.95217130001538
2D,推定,spine3,95,155.67822292038676
2D,推定,spine3,96,155.19176272172052
2D,推定,spine3,97,155.33721201434545
2D,推定,spine3,98,155.53036758201227
2D,推定,spine3,99,156.05365095482665
2D,推定,spine3,100,155.71802131734097
2D,推定,spine3,101,154.6993840765339
2D,推定,spine4,1,154.22213388055462
2D,推定,spine4,2,156.47224209153606
2D,推定,spine4,3,158.3858931911739
2D,推定,spine4,4,159.77468758787126
2D,推定,spine4,5,157.90465701451276
2D,推定,spine4,6,156.002156012473
2D,推定,spine4,7,155.68221212803792
2D,推定,spine4,8,154.29797085949568
2D,推定,spine4,9,152.4546311813288
2D,推定,spine4,10,149.98955614013337
2D,推定,spine4,11,146.994647518396
2D,推定,spine4,12,146.08463487617982
2D,推定,spine4,13,146.64789666999985
2D,推定,spine4,14,149.4961200943579
2D,推定,spine4,15,151.21727182007908
2D,推定,spine4,16,159.9233306172834
2D,推定,spine4,17,159.7320601120083
2D,推定,spine4,18,158.7481904869438
2D,推定,spine4,19,160.59989514362593
2D,推定,spine4,20,163.248644936769
2D,推定,spine4,21,161.5835382696827
2D,推定,spine4,22,166.54715749947212
2D,推定,spine4,23,175.76745433527037
2D,推定,spine4,24,173.98676004934188
2D,推定,spine4,25,172.56145267635628
2D,推定,spine4,26,176.46498708357075
2D,推定,spine4,27,176.48454718711054
2D,推定,spine4,28,175.68165700940878
2D,推定,spine4,29,169.2239644097472
2D,推定,spine4,30,167.46982749701323
2D,推定,spine4,31,173.81880274484377
2D,推定,spine4,32,170.94794831910377
2D,推定,spine4,33,172.92005231085065
2D,推定,spine4,34,166.34746540434384
2D,推定,spine4,35,167.95541271488554
2D,推定,spine4,36,156.84683447361022
2D,推定,spine4,37,158.04813914290492
2D,推定,spine4,38,158.03642959831174
2D,推定,spine4,39,161.67468386320803
2D,推定,spine4,40,158.40145461618516
2D,推定,spine4,41,157.7953939288947
2D,推定,spine4,42,157.50786401600476
2D,推定,spine4,43,151.6575629081874
2D,推定,spine4,44,154.32927736109366
2D,推定,spine4,45,157.98427946683012
2D,推定,spine4,46,160.38067183721625
2D,推定,spine4,47,165.18444622967993
2D,推定,spine4,48,160.7583209415701
2D,推定,spine4,49,163.72926285828376
2D,推定,spine4,50,157.94306855278703
2D,推定,spine4,51,159.31725883073773
2D,推定,spine4,52,162.1433228584844
2D,推定,spine4,53,157.89099462414683
2D,推定,spine4,54,160.28018659628754
2D,推定,spine4,55,161.54994766310602
2D,推定,spine4,56,164.01340737239542
2D,推定,spine4,57,165.71446009325965
2D,推定,spine4,58,172.36158139951263
2D,推定,spine4,59,167.36488544422625
2D,推定,spine4,60,167.291112363692
2D,推定,spine4,61,173.40793399481197
2D,推定,spine4,62,177.65969961307846
2D,推定,spine4,63,176.9409889422416
2D,推定,spine4,64,175.93143686799934
2D,推定,spine4,65,177.09008567166217
2D,推定,spine4,66,173.34588018903273
2D,推定,spine4,67,171.39899800091752
2D,推定,spine4,68,173.28378830797934
2D,推定,spine4,69,174.41480529328624
2D,推定,spine4,70,174.87906774376512
2D,推定,spine4,71,172.5101409090497
2D,推定,spine4,72,175.85903685603174
2D,推定,spine4,73,167.72355163716628
2D,推定,spine4,74,166.0418674633257
2D,推定,spine4,75,164.03111570558602
2D,推定,spine4,76,163.1782530786434
2D,推定,spine4,77,165.49581379403918
2D,推定,spine4,78,162.86930972965996
2D,推定,spine4,79,167.20992371188376
2D,推定,spine4,80,171.03993093800776
2D,推定,spine4,81,169.28417391403042
2D,推定,spine4,82,169.5822101148819
2D,推定,spine4,83,170.23200548774224
2D,推定,spine4,84,171.19757823370963
2D,推定,spine4,85,170.71452976416884
2D,推定,spine4,86,170.68442703895573
2D,推定,spine4,87,169.80226395358713
2D,推定,spine4,88,170.17251929367677
2D,推定,spine4,89,170.1326203362445
2D,推定,spine4,90,170.16870735844816
2D,推定,spine4,91,170.37524415920845
2D,推定,spine4,92,169.70909649455768
2D,推定,spine4,93,169.2720001248994
2D,推定,spine4,94,169.57243732400067
2D,推定,spine4,95,168.92828846646563
2D,推定,spine4,96,168.32772047214013
2D,推定,spine4,97,169.0138136635216
2D,推定,spine4,98,169.1918426011431
2D,推定,spine4,99,168.72438412757813
2D,推定,spine4,100,168.8353188153161
2D,推定,spine4,101,168.6324934733467
2D,推定,left_elbow,1,163.05823106071028
2D,推定,left_elbow,2,166.99722340014304
2D,推定,left_elbow,3,154.65651183660123
2D,推定,left_elbow,4,179.17635876950527
2D,推定,left_elbow,5,154.26131293149533
2D,推定,left_elbow,6,134.7015519605935
2D,推定,left_elbow,7,117.36419713714324
2D,推定,left_elbow,8,142.43060190426738
2D,推定,left_elbow,9,146.29991549868555
2D,推定,left_elbow,10,170.46929704306663
2D,推定,left_elbow,11,163.58520914902653
2D,推定,left_elbow,12,149.97573977510342
2D,推定,left_elbow,13,158.97765805577836
2D,推定,left_elbow,14,157.17246510211046
2D,推定,left_elbow,15,155.74360620607914
2D,推定,left_elbow,16,162.24345204572197
2D,推定,left_elbow,17,168.7722852055917
2D,推定,left_elbow,18,168.85110615720393
2D,推定,left_elbow,19,138.88893405190362
2D,推定,left_elbow,20,143.85548880925546
2D,推定,left_elbow,21,137.3540222054756
2D,推定,left_elbow,22,109.76449358656932
2D,推定,left_elbow,23,106.39652662685177
2D,推定,left_elbow,24,143.78236311350545
2D,推定,left_elbow,25,128.79781232541265
2D,推定,left_elbow,26,115.97241049281241
2D,推定,left_elbow,27,83.92134974976408
2D,推定,left_elbow,28,103.0616302314543
2D,推定,left_elbow,29,122.75752880488828
2D,推定,left_elbow,30,107.2478898277933
2D,推定,left_elbow,31,120.79120115562765
2D,推定,left_elbow,32,110.92187849538186
2D,推定,left_elbow,33,116.9515193620774
2D,推定,left_elbow,34,137.5673821996675
2D,推定,left_elbow,35,132.7192743164103
2D,推定,left_elbow,36,132.9870913675514
2D,推定,left_elbow,37,135.91733291429327
2D,推定,left_elbow,38,115.18543390392615
2D,推定,left_elbow,39,115.3129809967863
2D,推定,left_elbow,40,138.08337458914357
2D,推定,left_elbow,41,138.7676499960387
2D,推定,left_elbow,42,111.365344868284
2D,推定,left_elbow,43,148.55154400365225
2D,推定,left_elbow,44,146.9889770436388
2D,推定,left_elbow,45,134.0213763407241
2D,推定,left_elbow,46,137.67806547902032
2D,推定,left_elbow,47,149.91720579280323
2D,推定,left_elbow,48,156.9546475557502
2D,推定,left_elbow,49,141.4788413701927
2D,推定,left_elbow,50,144.8610678249839
2D,推定,left_elbow,51,151.79982569105817
2D,推定,left_elbow,52,150.93265675517063
2D,推定,left_elbow,53,128.87002450770785
2D,推定,left_elbow,54,130.49335549091128
2D,推定,left_elbow,55,133.88451057601156
2D,推定,left_elbow,56,129.94414493382268
2D,推定,left_elbow,57,120.42764936541879
2D,推定,left_elbow,58,121.65514710320387
2D,推定,left_elbow,59,132.32790604042168
2D,推定,left_elbow,60,132.92268268029835
2D,推定,left_elbow,61,146.1420555446295
2D,推定,left_elbow,62,160.32962651855448
2D,推定,left_elbow,63,159.16930933995565
2D,推定,left_elbow,64,153.50997383027322
2D,推定,left_elbow,65,163.6574387809813
2D,推定,left_elbow,66,156.97855382831503
2D,推定,left_elbow,67,163.49538900352343
2D,推定,left_elbow,68,167.10585502696313
2D,推定,left_elbow,69,170.0227827259809
2D,推定,left_elbow,70,175.70771691305697
2D,推定,left_elbow,71,175.37258291205939
2D,推定,left_elbow,72,177.38040482021367
2D,推定,left_elbow,73,172.32847041148855
2D,推定,left_elbow,74,169.1746750831884
2D,推定,left_elbow,75,165.61733212109965
2D,推定,left_elbow,76,163.23350044619653
2D,推定,left_elbow,77,162.00292328141498
2D,推定,left_elbow,78,163.53985444189175
2D,推定,left_elbow,79,164.26376493050603
2D,推定,left_elbow,80,164.6730269622174
2D,推定,left_elbow,81,167.36688161319137
2D,推定,left_elbow,82,170.32879706730898
2D,推定,left_elbow,83,172.61310909793482
2D,推定,left_elbow,84,171.97913576878975
2D,推定,left_elbow,85,171.38470275275418
2D,推定,left_elbow,86,170.79150980225538
2D,推定,left_elbow,87,170.49423159828345
2D,推定,left_elbow,88,170.4394695503446
2D,推定,left_elbow,89,170.0363382921533
2D,推定,left_elbow,90,170.11840046132934
2D,推定,left_elbow,91,170.09950444602833
2D,推定,left_elbow,92,170.5365827197641
2D,推定,left_elbow,93,170.47246527232693
2D,推定,left_elbow,94,170.76303074756535
2D,推定,left_elbow,95,170.61861668823494
2D,推定,left_elbow,96,170.56742002540804
2D,推定,left_elbow,97,171.18569383687313
2D,推定,left_elbow,98,170.64126520206975
2D,推定,left_elbow,99,170.68384159874742
2D,推定,left_elbow,100,170.32876980687817
2D,推定,left_elbow,101,169.40797446750685
2D,推定,right_elbow,1,83.13755459654614
2D,推定,right_elbow,2,83.2757252603201
2D,推定,right_elbow,3,81.9215808701514
2D,推定,right_elbow,4,77.90202698287652
2D,推定,right_elbow,5,72.47104876245332
2D,推定,right_elbow,6,77.10586628193327
2D,推定,right_elbow,7,79.84226924503511
2D,推定,right_elbow,8,93.10848888990782
2D,推定,right_elbow,9,93.83631269768466
2D,推定,right_elbow,10,90.93025231111248
2D,推定,right_elbow,11,92.43665557055238
2D,推定,right_elbow,12,89.76994918826006
2D,推定,right_elbow,13,104.27520414864499
2D,推定,right_elbow,14,108.23160914303487
2D,推定,right_elbow,15,116.5043233812433
2D,推定,right_elbow,16,108.90413425482323
2D,推定,right_elbow,17,101.10936235736412
2D,推定,right_elbow,18,100.76572300054673
2D,推定,right_elbow,19,110.51038514561115
2D,推定,right_elbow,20,98.16681955863265
2D,推定,right_elbow,21,109.10625601441711
2D,推定,right_elbow,22,95.80264485782259
2D,推定,right_elbow,23,97.24894932088068
2D,推定,right_elbow,24,65.69875657230425
2D,推定,right_elbow,25,87.65589768190162
2D,推定,right_elbow,26,99.68581172657841
2D,推定,right_elbow,27,125.41726370812073
2D,推定,right_elbow,28,135.4055297229083
2D,推定,right_elbow,29,139.61164629008744
2D,推定,right_elbow,30,151.9515858424156
2D,推定,right_elbow,31,176.858089609192
2D,推定,right_elbow,32,173.74761532802464
2D,推定,right_elbow,33,172.87667248950459
2D,推定,right_elbow,34,122.51245286311259
2D,推定,right_elbow,35,165.65895636995674
2D,推定,right_elbow,36,157.69403736482244
2D,推定,right_elbow,37,146.55446046418845
2D,推定,right_elbow,38,152.94717251774148
2D,推定,right_elbow,39,160.1523770934123
2D,推定,right_elbow,40,164.92778204296135
2D,推定,right_elbow,41,169.25795581222278
2D,推定,right_elbow,42,172.15351730161376
2D,推定,right_elbow,43,150.16478496349595
2D,推定,right_elbow,44,155.97565711190927
2D,推定,right_elbow,45,151.73053749995108
2D,推定,right_elbow,46,150.390532611197
2D,推定,right_elbow,47,160.30833984467415
2D,推定,right_elbow,48,154.60969176866894
2D,推定,right_elbow,49,160.65647475633213
2D,推定,right_elbow,50,153.76146861183807
2D,推定,right_elbow,51,161.47855243473919
2D,推定,right_elbow,52,167.90140782396412
2D,推定,right_elbow,53,177.4695898784818
2D,推定,right_elbow,54,174.8605236701543
2D,推定,right_elbow,55,179.23434543890878
2D,推定,right_elbow,56,159.71792313440898
2D,推定,right_elbow,57,175.06853656191376
2D,推定,right_elbow,58,164.28818120915383
2D,推定,right_elbow,59,171.36807035596243
2D,推定,right_elbow,60,172.9378174866056
2D,推定,right_elbow,61,178.1185051927616
2D,推定,right_elbow,62,161.51783293955583
2D,推定,right_elbow,63,162.10741910879827
2D,推定,right_elbow,64,162.2739755592295
2D,推定,right_elbow,65,156.99480729475192
2D,推定,right_elbow,66,146.45135302784215
2D,推定,right_elbow,67,143.7725594431941
2D,推定,right_elbow,68,129.2445110495318
2D,推定,right_elbow,69,129.56705025735772
2D,推定,right_elbow,70,147.4350346919223
2D,推定,right_elbow,71,178.63809573155973
2D,推定,right_elbow,72,136.63417034576483
2D,推定,right_elbow,73,150.57835210663683
2D,推定,right_elbow,74,160.88952475785115
2D,推定,right_elbow,75,136.47939299574276
2D,推定,right_elbow,76,81.12250998560525
2D,推定,right_elbow,77,36.27484566481933
2D,推定,right_elbow,78,24.009575344857566
2D,推定,right_elbow,79,25.280980193460127
2D,推定,right_elbow,80,16.128762603484425
2D,推定,right_elbow,81,16.232767516468943
2D,推定,right_elbow,82,2.910466509985739
2D,推定,right_elbow,83,10.892792182870869
2D,推定,right_elbow,84,41.72040726244007
2D,推定,right_elbow,85,52.72471675256659
2D,推定,right_elbow,86,58.5099259229022
2D,推定,right_elbow,87,55.31960625525054
2D,推定,right_elbow,88,59.67866351217367
2D,推定,right_elbow,89,58.51022208958519
2D,推定,right_elbow,90,62.03223923721542
2D,推定,right_elbow,91,64.32491466697637
2D,推定,right_elbow,92,68.77647463170182
2D,推定,right_elbow,93,69.95141851278461
2D,推定,right_elbow,94,65.27728303363368
2D,推定,right_elbow,95,66.41339719035848
2D,推定,right_elbow,96,62.08627897971614
2D,推定,right_elbow,97,53.721557864121344
2D,推定,right_elbow,98,50.674332600315495
2D,推定,right_elbow,99,60.23395146709493
2D,推定,right_elbow,100,46.60967756749441
2D,推定,right_elbow,101,49.30727209686817
2D,推定,left_knee,1,171.82147751301255
2D,推定,left_knee,2,172.6265955030351
2D,推定,left_knee,3,175.87379768936373
2D,推定,left_knee,4,173.0996883758151
2D,推定,left_knee,5,175.28559978025183
2D,推定,left_knee,6,179.24068009375782
2D,推定,left_knee,7,178.13208249401492
2D,推定,left_knee,8,170.4892923671486
2D,推定,left_knee,9,170.15065358673664
2D,推定,left_knee,10,166.18680724449905
2D,推定,left_knee,11,168.76564316991193
2D,推定,left_knee,12,174.01792322664082
2D,推定,left_knee,13,179.68075997103875
2D,推定,left_knee,14,176.9237982377459
2D,推定,left_knee,15,175.56630268820226
2D,推定,left_knee,16,169.7901325852967
2D,推定,left_knee,17,165.2725009169251
2D,推定,left_knee,18,159.79930280522964
2D,推定,left_knee,19,166.1650853448313
2D,推定,left_knee,20,172.0591691917898
2D,推定,left_knee,21,167.81550160615595
2D,推定,left_knee,22,178.23019713252515
2D,推定,left_knee,23,179.0329154611354
2D,推定,left_knee,24,177.83337267565847
2D,推定,left_knee,25,167.52397986439314
2D,推定,left_knee,26,176.62350274633866
2D,推定,left_knee,27,179.19720344170688
2D,推定,left_knee,28,179.0087722882954
2D,推定,left_knee,29,175.63849442992876
2D,推定,left_knee,30,179.0111208415047
2D,推定,left_knee,31,167.1451555735464
2D,推定,left_knee,32,175.69950950063523
2D,推定,left_knee,33,173.14967766207172
2D,推定,left_knee,34,177.70059424466936
2D,推定,left_knee,35,156.6464555931963
2D,推定,left_knee,36,160.92861188404544
2D,推定,left_knee,37,168.62385131619388
2D,推定,left_knee,38,154.83325060168085
2D,推定,left_knee,39,144.84295416684841
2D,推定,left_knee,40,142.54846789382339
2D,推定,left_knee,41,141.66674846529725
2D,推定,left_knee,42,135.53652313172537
2D,推定,left_knee,43,131.78229480480817
2D,推定,left_knee,44,130.79237903136854
2D,推定,left_knee,45,140.570620454728
2D,推定,left_knee,46,140.61010098408923
2D,推定,left_knee,47,135.79129265900656
2D,推定,left_knee,48,131.63253630890915
2D,推定,left_knee,49,135.69751573968134
2D,推定,left_knee,50,136.97349159516088
2D,推定,left_knee,51,141.1685382719689
2D,推定,left_knee,52,141.51096332508396
2D,推定,left_knee,53,142.67449203662693
2D,推定,left_knee,54,145.74139567223148
2D,推定,left_knee,55,148.58206383076984
2D,推定,left_knee,56,152.39306089636136
2D,推定,left_knee,57,153.79501478707652
2D,推定,left_knee,58,153.6536583966493
2D,推定,left_knee,59,156.71219898616624
2D,推定,left_knee,60,158.40242827787208
2D,推定,left_knee,61,157.71060555041396
2D,推定,left_knee,62,161.14851357616521
2D,推定,left_knee,63,159.63214654383776
2D,推定,left_knee,64,159.31793779072098
2D,推定,left_knee,65,156.47658316892716
2D,推定,left_knee,66,157.0893458834432
2D,推定,left_knee,67,157.11509987135813
2D,推定,left_knee,68,153.80425909784006
2D,推定,left_knee,69,153.40679951594896
2D,推定,left_knee,70,151.8010021739493
2D,推定,left_knee,71,154.11677988417242
2D,推定,left_knee,72,151.13909954963813
2D,推定,left_knee,73,148.73918999553663
2D,推定,left_knee,74,153.20344955690365
2D,推定,left_knee,75,151.29211388143273
2D,推定,left_knee,76,153.55507257455233
2D,推定,left_knee,77,154.0077168777415
2D,推定,left_knee,78,152.86492008591654
2D,推定,left_knee,79,153.27431941780162
2D,推定,left_knee,80,156.53838431922702
2D,推定,left_knee,81,155.83758219107114
2D,推定,left_knee,82,158.83200358513076
2D,推定,left_knee,83,159.00458899433872
2D,推定,left_knee,84,157.45723688442715
2D,推定,left_knee,85,157.2028219991738
2D,推定,left_knee,86,156.09546785826524
2D,推定,left_knee,87,155.70174007120005
2D,推定,left_knee,88,156.38919189251345
2D,推定,left_knee,89,155.94144842306022
2D,推定,left_knee,90,156.32782738315825
2D,推定,left_knee,91,157.24384588675215
2D,推定,left_knee,92,157.6674833871946
2D,推定,left_knee,93,158.0665873554065
2D,推定,left_knee,94,158.22312206463943
2D,推定,left_knee,95,158.38521094064274
2D,推定,left_knee,96,158.11379591659218
2D,推定,left_knee,97,158.70778421694982
2D,推定,left_knee,98,159.0237582131057
2D,推定,left_knee,99,158.36381954338214
2D,推定,left_knee,100,158.4476800188708
2D,推定,left_knee,101,158.59243078635183
2D,推定,right_knee,1,112.29146156126369
2D,推定,right_knee,2,102.71532494568356
2D,推定,right_knee,3,97.58631673778191
2D,推定,right_knee,4,102.00231501616106
2D,推定,right_knee,5,125.43546428475858
2D,推定,right_knee,6,122.81591621386467
2D,推定,right_knee,7,126.48843370900926
2D,推定,right_knee,8,127.36344609877
2D,推定,right_knee,9,131.17111654610838
2D,推定,right_knee,10,86.89442989091714
2D,推定,right_knee,11,76.55752192181697
2D,推定,right_knee,12,69.58163933500333
2D,推定,right_knee,13,68.15923276391102
2D,推定,right_knee,14,70.3541720695787
2D,推定,right_knee,15,68.38933931063758
2D,推定,right_knee,16,69.59136035830413
2D,推定,right_knee,17,64.19144477063155
2D,推定,right_knee,18,59.63950984507143
2D,推定,right_knee,19,62.80688162120465
2D,推定,right_knee,20,58.35676411365709
2D,推定,right_knee,21,59.774203689618616
2D,推定,right_knee,22,59.456055882933725
2D,推定,right_knee,23,56.70307682225208
2D,推定,right_knee,24,96.29225500566554
2D,推定,right_knee,25,159.73727564395136
2D,推定,right_knee,26,127.74282260347296
2D,推定,right_knee,27,158.43305220240907
2D,推定,right_knee,28,158.37760077487428
2D,推定,right_knee,29,77.34413968255849
2D,推定,right_knee,30,91.0371212092258
2D,推定,right_knee,31,90.33283180360733
2D,推定,right_knee,32,93.56293838135414
2D,推定,right_knee,33,102.62567935828122
2D,推定,right_knee,34,92.21252118821168
2D,推定,right_knee,35,101.35930669736442
2D,推定,right_knee,36,107.60471870998744
2D,推定,right_knee,37,106.74701494233246
2D,推定,right_knee,38,113.48800927108537
2D,推定,right_knee,39,117.62700269280644
2D,推定,right_knee,40,119.29132741777102
2D,推定,right_knee,41,129.07096602374665
2D,推定,right_knee,42,137.796104026242
2D,推定,right_knee,43,150.59295126379345
2D,推定,right_knee,44,144.48128978348404
2D,推定,right_knee,45,151.84653480681715
2D,推定,right_knee,46,158.16023471584134
2D,推定,right_knee,47,156.52392409500357
2D,推定,right_knee,48,153.63350781236633
2D,推定,right_knee,49,155.8203957272797
2D,推定,right_knee,50,158.9133899334539
2D,推定,right_knee,51,162.87294251664161
2D,推定,right_knee,52,166.54283855085407
2D,推定,right_knee,53,167.39278994409943
2D,推定,right_knee,54,166.76613872552588
2D,推定,right_knee,55,166.12095989960767
2D,推定,right_knee,56,165.54019900434295
2D,推定,right_knee,57,163.69429033707857
2D,推定,right_knee,58,164.89784228521575
2D,推定,right_knee,59,164.14117333753018
2D,推定,right_knee,60,164.09756984882713
2D,推定,right_knee,61,158.8452394037456
2D,推定,right_knee,62,162.3776771549695
2D,推定,right_knee,63,164.2801400941952
2D,推定,right_knee,64,163.40406315438074
2D,推定,right_knee,65,164.32737733593837
2D,推定,right_knee,66,164.8770109398943
2D,推定,right_knee,67,161.26995412300235
2D,推定,right_knee,68,161.58459471867488
2D,推定,right_knee,69,162.4971261098314
2D,推定,right_knee,70,162.71019173082314
2D,推定,right_knee,71,161.88331994756373
2D,推定,right_knee,72,162.43349526684494
2D,推定,right_knee,73,162.27998481333196
2D,推定,right_knee,74,162.1208300267491
2D,推定,right_knee,75,161.5897817865238
2D,推定,right_knee,76,160.9537699219143
2D,推定,right_knee,77,161.04486914233442
2D,推定,right_knee,78,160.4939166161456
2D,推定,right_knee,79,162.13026016316886
2D,推定,right_knee,80,162.62202098787438
2D,推定,right_knee,81,163.22455310573565
2D,推定,right_knee,82,163.3963725218208
2D,推定,right_knee,83,163.22497149537506
2D,推定,right_knee,84,162.537097414259
2D,推定,right_knee,85,162.30547712804218
2D,推定,right_knee,86,162.50532363313317
2D,推定,right_knee,87,163.16597778464606
2D,推定,right_knee,88,163.20833905165713
2D,推定,right_knee,89,162.89571483902162
2D,推定,right_knee,90,162.73561319952825
2D,推定,right_knee,91,162.7524287107269
2D,推定,right_knee,92,162.88005310505898
2D,推定,right_knee,93,163.4810247990682
2D,推定,right_knee,94,163.53648246658926
2D,推定,right_knee,95,163.76328271457618
2D,推定,right_knee,96,163.94831758811827
2D,推定,right_knee,97,163.7942593928906
2D,推定,right_knee,98,163.86178980002794
2D,推定,right_knee,99,164.03455924951282
2D,推定,right_knee,100,164.25765500778067
2D,推定,right_knee,101,164.3896041443286
2D,正解,spine0,1,14.29448640388763
2D,正解,spine0,2,14.310264073854645
2D,正解,spine0,3,14.329440740904852
2D,正解,spine0,4,14.340724614046442
2D,正解,spine0,5,14.340931656404116
2D,正解,spine0,6,14.335780011171503
2D,正解,spine0,7,14.326239139333762
2D,正解,spine0,8,14.310737932155334
2D,正解,spine0,9,14.28737679673404
2D,正解,spine0,10,14.24694037865878
2D,正解,spine0,11,14.183427732968646
2D,正解,spine0,12,14.106306099072897
2D,正解,spine0,13,14.030689516841505
2D,正解,spine0,14,13.973928329955761
2D,正解,spine0,15,13.954643426925838
2D,正解,spine0,16,13.971884927256946
2D,正解,spine0,17,13.993177248548879
2D,正解,spine0,18,13.978245579085229
2D,正解,spine0,19,13.88902558204948
2D,正解,spine0,20,13.695933461724936
2D,正解,spine0,21,13.394236854505618
2D,正解,spine0,22,13.021467235919092
2D,正解,spine0,23,12.625134217417779
2D,正解,spine0,24,12.229790834752182
2D,正解,spine0,25,11.833929235359832
2D,正解,spine0,26,11.415332887063192
2D,正解,spine0,27,10.951310197657506
2D,正解,spine0,28,10.435455209658848
2D,正解,spine0,29,9.864451955681512
2D,正解,spine0,30,9.229443815355706
2D,正解,spine0,31,8.524634882927806
2D,正解,spine0,32,7.76954519458402
2D,正解,spine0,33,6.987552637765058
2D,正解,spine0,34,6.2120076993283755
2D,正解,spine0,35,5.438963805707092
2D,正解,spine0,36,4.644113801253705
2D,正解,spine0,37,3.815634972319714
2D,正解,spine0,38,2.9619052668558306
2D,正解,spine0,39,2.1266611586448354
2D,正解,spine0,40,1.3479803487838051
2D,正解,spine0,41,0.6677353465622234
2D,正解,spine0,42,0.12320433659685548
2D,正解,spine0,43,0.34683903888123485
2D,正解,spine0,44,0.7851285568453258
2D,正解,spine0,45,1.2520795762861372
2D,正解,spine0,46,1.8054104915735085
2D,正解,spine0,47,2.4774298672155837
2D,正解,spine0,48,3.2574828268690137
2D,正解,spine0,49,4.024875960421284
2D,正解,spine0,50,4.685170663754882
2D,正解,spine0,51,5.169866232766652
2D,正解,spine0,52,5.44613813296582
2D,正解,spine0,53,5.53710666749948
2D,正解,spine0,54,5.430544195719517
2D,正解,spine0,55,5.152390614593024
2D,正解,spine0,56,4.768285615469768
2D,正解,spine0,57,4.348804307556771
2D,正解,spine0,58,3.9436287445714964
2D,正解,spine0,59,3.5802609479698253
2D,正解,spine0,60,3.2612347390466137
2D,正解,spine0,61,2.9835970276240036
2D,正解,spine0,62,2.750907004664127
2D,正解,spine0,63,2.5790402561983985
2D,正解,spine0,64,2.537226246315585
2D,正解,spine0,65,2.623669891330424
2D,正解,spine0,66,2.763551051383345
2D,正解,spine0,67,2.9203718374720915
2D,正解,spine0,68,3.0944623425228137
2D,正解,spine0,69,3.305790059603218
2D,正解,spine0,70,3.561351895607102
2D,正解,spine0,71,3.8754838059141563
2D,正解,spine0,72,4.256455096369754
2D,正解,spine0,73,4.703331363569555
2D,正解,spine0,74,5.223113500368492
2D,正解,spine0,75,5.812435866138839
2D,正解,spine0,76,6.435498672743446
2D,正解,spine0,77,7.053325825915084
2D,正解,spine0,78,7.6375610998404735
2D,正解,spine0,79,8.169466957648002
2D,正解,spine0,80,8.640995333080578
2D,正解,spine0,81,9.040698046001411
2D,正解,spine0,82,9.354566214960556
2D,正解,spine0,83,9.587715815393551
2D,正解,spine0,84,9.75393720514458
2D,正解,spine0,85,9.874100806042001
2D,正解,spine0,86,9.973063803920779
2D,正解,spine0,87,10.063204711401118
2D,正解,spine0,88,10.144644633077702
2D,正解,spine0,89,10.222683495558908
2D,正解,spine0,90,10.304789063994676
2D,正解,spine0,91,10.391289843343841
2D,正解,spine0,92,10.47940280191092
2D,正解,spine0,93,10.565340547581538
2D,正解,spine0,94,10.640353548615158
2D,正解,spine0,95,10.701076766780236
2D,正解,spine0,96,10.75100997999362
2D,正解,spine0,97,10.790634780142597
2D,正解,spine0,98,10.823224322629782
2D,正解,spine0,99,10.860973132867946
2D,正解,spine0,100,10.911124277761127
2D,正解,spine0,101,10.9670107886512
2D,正解,spine1,1,158.6688497821747
2D,正解,spine1,2,158.6728603626195
2D,正解,spine1,3,158.67321877985736
2D,正解,spine1,4,158.67697228035286
2D,正解,spine1,5,158.68433287053168
2D,正解,spine1,6,158.69718274722516
2D,正解,spine1,7,158.7196934872286
2D,正解,spine1,8,158.75325840547802
2D,正解,spine1,9,158.80295882446967
2D,正解,spine1,10,158.87169421310404
2D,正解,spine1,11,158.9554419067032
2D,正解,spine1,12,159.04010429921237
2D,正解,spine1,13,159.10692128983567
2D,正解,spine1,14,159.13774063722272
2D,正解,spine1,15,159.12305579664073
2D,正解,spine1,16,159.07236075787145
2D,正解,spine1,17,159.01952072589015
2D,正解,spine1,18,159.01093971313125
2D,正解,spine1,19,159.09200053179265
2D,正解,spine1,20,159.28787263260452
2D,正解,spine1,21,159.60113616203967
2D,正解,spine1,22,160.00188190740855
2D,正解,spine1,23,160.44480668327964
2D,正解,spine1,24,160.88721663683435
2D,正解,spine1,25,161.2935926927041
2D,正解,spine1,26,161.6440918632546
2D,正解,spine1,27,161.9362542658786
2D,正解,spine1,28,162.17933549226842
2D,正解,spine1,29,162.3976171464002
2D,正解,spine1,30,162.62751692521286
2D,正解,spine1,31,162.90073995055744
2D,正解,spine1,32,163.23508057791594
2D,正解,spine1,33,163.64401366198956
2D,正解,spine1,34,164.12071093392893
2D,正解,spine1,35,164.66960787721408
2D,正解,spine1,36,165.3001455166449
2D,正解,spine1,37,166.01485656199466
2D,正解,spine1,38,166.80968245043698
2D,正解,spine1,39,167.65598166476494
2D,正解,spine1,40,168.5375661705584
2D,正解,spine1,41,169.41245270694137
2D,正解,spine1,42,170.2322013414362
2D,正解,spine1,43,171.05912006163385
2D,正解,spine1,44,171.90263700637433
2D,正解,spine1,45,172.76863799185924
2D,正解,spine1,46,173.65045283827064
2D,正解,spine1,47,174.53489713504624
2D,正解,spine1,48,175.41127161490505
2D,正解,spine1,49,176.18614886310155
2D,正解,spine1,50,176.8169613071955
2D,正解,spine1,51,177.28628726786678
2D,正解,spine1,52,177.59641707828152
2D,正解,spine1,53,177.78391542904922
2D,正解,spine1,54,177.83616462167646
2D,正解,spine1,55,177.77297374064844
2D,正解,spine1,56,177.64933786960836
2D,正解,spine1,57,177.5195836402009
2D,正解,spine1,58,177.42073196751525
2D,正解,spine1,59,177.385880034689
2D,正解,spine1,60,177.43432792188523
2D,正解,spine1,61,177.56744677538373
2D,正解,spine1,62,177.7706458298952
2D,正解,spine1,63,178.03072730990004
2D,正解,spine1,64,178.39584679628715
2D,正解,spine1,65,178.83772499836368
2D,正解,spine1,66,179.2682006858674
2D,正解,spine1,67,179.6690455617301
2D,正解,spine1,68,179.94309307132033
2D,正解,spine1,69,179.5442181453787
2D,正解,spine1,70,179.1317903301811
2D,正解,spine1,71,178.7034731935808
2D,正解,spine1,72,178.25645407690092
2D,正解,spine1,73,177.79047027612134
2D,正解,spine1,74,177.29870429994253
2D,正解,spine1,75,176.7770720336623
2D,正解,spine1,76,176.24141151685407
2D,正解,spine1,77,175.71162782013403
2D,正解,spine1,78,175.205922892874
2D,正解,spine1,79,174.745369279039
2D,正解,spine1,80,174.349406059633
2D,正解,spine1,81,174.03476284781829
2D,正解,spine1,82,173.81015462961705
2D,正解,spine1,83,173.66125395221786
2D,正解,spine1,84,173.56387874407952
2D,正解,spine1,85,173.49310334693314
2D,正解,spine1,86,173.42730165438053
2D,正解,spine1,87,173.35611897437542
2D,正解,spine1,88,173.28003142541317
2D,正解,spine1,89,173.19946592041123
2D,正解,spine1,90,173.11408942757024
2D,正解,spine1,91,173.0305835428923
2D,正解,spine1,92,172.952158676812
2D,正解,spine1,93,172.8779292118392
2D,正解,spine1,94,172.81079130648047
2D,正解,spine1,95,172.74906396315527
2D,正解,spine1,96,172.6863740038531
2D,正解,spine1,97,172.62025371881126
2D,正解,spine1,98,172.5492992098975
2D,正解,spine1,99,172.46864466543332
2D,正解,spine1,100,172.3809988340295
2D,正解,spine1,101,172.29759037221012
2D,正解,spine2,1,168.89035074270777
2D,正解,spine2,2,168.89728342004082
2D,正解,spine2,3,168.90168861734068
2D,正解,spine2,4,168.90405387008087
2D,正解,spine2,5,168.90821141907537
2D,正解,spine2,6,168.91092449832234
2D,正解,spine2,7,168.91290078443683
2D,正解,spine2,8,168.91657578737556
2D,正解,spine2,9,168.9234111826118
2D,正解,spine2,10,168.937452663609
2D,正解,spine2,11,168.95856690880856
2D,正解,spine2,12,168.9828895528699
2D,正解,spine2,13,169.0032102917772
2D,正解,spine2,14,169.01121765668412
2D,正解,spine2,15,169.0012045825995
2D,正解,spine2,16,168.97733642201476
2D,正解,spine2,17,168.95447321198083
2D,正解,spine2,18,168.95647408153732
2D,正解,spine2,19,169.0066529407217
2D,正解,spine2,20,169.11967355314525
2D,正解,spine2,21,169.29514997368972
2D,正解,spine2,22,169.51433682335454
2D,正解,spine2,23,169.74777290291718
2D,正解,spine2,24,169.96850480656641
2D,正解,spine2,25,170.1580870438069
2D,正解,spine2,26,170.3101965509071
2D,正解,spine2,27,170.42744744415225
2D,正解,spine2,28,170.52196842641385
2D,正解,spine2,29,170.6158075560577
2D,正解,spine2,30,170.73627123756776
2D,正解,spine2,31,170.91004398328778
2D,正解,spine2,32,171.14621878357568
2D,正解,spine2,33,171.43698953310314
2D,正解,spine2,34,171.7608478851708
2D,正解,spine2,35,172.09980247098667
2D,正解,spine2,36,172.44533949140882
2D,正解,spine2,37,172.79624409633763
2D,正解,spine2,38,173.15573882604806
2D,正解,spine2,39,173.52739650817338
2D,正解,spine2,40,173.905276958199
2D,正解,spine2,41,174.28823239423727
2D,正解,spine2,42,174.67408238975827
2D,正解,spine2,43,175.04443580609774
2D,正解,spine2,44,175.3951499942859
2D,正解,spine2,45,175.72550296908972
2D,正解,spine2,46,176.0381697366432
2D,正解,spine2,47,176.33650254936322
2D,正解,spine2,48,176.62071126212706
2D,正解,spine2,49,176.89343331180473
2D,正解,spine2,50,177.14444229797166
2D,正解,spine2,51,177.35686270723082
2D,正解,spine2,52,177.51498891550375
2D,正解,spine2,53,177.6122223264482
2D,正解,spine2,54,177.65438463288461
2D,正解,spine2,55,177.66161807102287
2D,正解,spine2,56,177.65995048923224
2D,正解,spine2,57,177.67159091845852
2D,正解,spine2,58,177.71187507455537
2D,正解,spine2,59,177.7855165056604
2D,正解,spine2,60,177.88705337241598
2D,正解,spine2,61,178.0049775665102
2D,正解,spine2,62,178.1259535731233
2D,正解,spine2,63,178.24144912857258
2D,正解,spine2,64,178.34130719268484
2D,正解,spine2,65,178.42691083420053
2D,正解,spine2,66,178.5066609143915
2D,正解,spine2,67,178.58044636909335
2D,正解,spine2,68,178.65117541488405
2D,正解,spine2,69,178.7253774933258
2D,正解,spine2,70,178.80871987275037
2D,正解,spine2,71,178.90885829755769
2D,正解,spine2,72,179.02968110985705
2D,正解,spine2,73,179.16800065558505
2D,正解,spine2,74,179.31842316218908
2D,正解,spine2,75,179.47730520554418
2D,正解,spine2,76,179.6396129405926
2D,正解,spine2,77,179.80014302834027
2D,正解,spine2,78,179.95264081636316
2D,正解,spine2,79,179.9100800011693
2D,正解,spine2,80,179.79431283678298
2D,正解,spine2,81,179.70501740722128
2D,正解,spine2,82,179.64354283359955
2D,正解,spine2,83,179.6054899841215
2D,正解,spine2,84,179.5825770217764
2D,正解,spine2,85,179.56503154832325
2D,正解,spine2,86,179.54619239245548
2D,正解,spine2,87,179.5235290112912
2D,正解,spine2,88,179.49846087639932
2D,正解,spine2,89,179.47249926335385
2D,正解,spine2,90,179.4473600353309
2D,正解,spine2,91,179.42477786148717
2D,正解,spine2,92,179.40642740384118
2D,正解,spine2,93,179.39241678015318
2D,正解,spine2,94,179.38292316212926
2D,正解,spine2,95,179.37699438266253
2D,正解,spine2,96,179.37191617979587
2D,正解,spine2,97,179.36605596951614
2D,正解,spine2,98,179.35807878817613
2D,正解,spine2,99,179.34623719255993
2D,正解,spine2,100,179.329547725836
2D,正解,spine2,101,179.31089445763496
2D,正解,spine3,1,165.42212943865854
2D,正解,spine3,2,165.43189194543743
2D,正解,spine3,3,165.4389141105004
2D,正解,spine3,4,165.44814175778754
2D,正解,spine3,5,165.4584077856663
2D,正解,spine3,6,165.46703613324433
2D,正解,spine3,7,165.47367535787393
2D,正解,spine3,8,165.48149307249932
2D,正解,spine3,9,165.4917823768596
2D,正解,spine3,10,165.50747206015313
2D,正解,spine3,11,165.52977953306393
2D,正解,spine3,12,165.55413661569906
2D,正解,spine3,13,165.57207464180325
2D,正解,spine3,14,165.5718050173935
2D,正解,spine3,15,165.5461732671733
2D,正解,spine3,16,165.49939246826227
2D,正解,spine3,17,165.45333367370267
2D,正解,spine3,18,165.44091585141052
2D,正解,spine3,19,165.49711112106823
2D,正解,spine3,20,165.644441110703
2D,正解,spine3,21,165.88506470737127
2D,正解,spine3,22,166.1943858355852
2D,正解,spine3,23,166.531305113794
2D,正解,spine3,24,166.8557273767299
2D,正解,spine3,25,167.13735574789922
2D,正解,spine3,26,167.36300771485162
2D,正解,spine3,27,167.5362879817691
2D,正解,spine3,28,167.67432994716495
2D,正解,spine3,29,167.8067780787918
2D,正解,spine3,30,167.96986853839874
2D,正解,spine3,31,168.19858383114612
2D,正解,spine3,32,168.50222546193893
2D,正解,spine3,33,168.8740596992712
2D,正解,spine3,34,169.28941613466588
2D,正解,spine3,35,169.72946120686785
2D,正解,spine3,36,170.18815893774365
2D,正解,spine3,37,170.66584490458686
2D,正解,spine3,38,171.16808341660453
2D,正解,spine3,39,171.6956620930403
2D,正解,spine3,40,172.24002239139378
2D,正解,spine3,41,172.79237722483586
2D,正解,spine3,42,173.3398290137606
2D,正解,spine3,43,173.87560169706214
2D,正解,spine3,44,174.3978197507185
2D,正解,spine3,45,174.90787429301815
2D,正解,spine3,46,175.40747462709055
2D,正解,spine3,47,175.89588700154837
2D,正解,spine3,48,176.36966045074132
2D,正解,spine3,49,176.8093210590336
2D,正解,spine3,50,177.19333755677906
2D,正解,spine3,51,177.4991756095825
2D,正解,spine3,52,177.7110801169427
2D,正解,spine3,53,177.8312705219573
2D,正解,spine3,54,177.86543818364373
2D,正解,spine3,55,177.84227060162863
2D,正解,spine3,56,177.80261235172213
2D,正解,spine3,57,177.78347087739877
2D,正解,spine3,58,177.80900818465045
2D,正解,spine3,59,177.89013989309106
2D,正解,spine3,60,178.0247657414449
2D,正解,spine3,61,178.1990077595135
2D,正解,spine3,62,178.39462966362115
2D,正解,spine3,63,178.59723256658975
2D,正解,spine3,64,178.80476111074415
2D,正解,spine3,65,179.00981547802053
2D,正解,spine3,66,179.19915701233472
2D,正解,spine3,67,179.36797436499148
2D,正解,spine3,68,179.52333559744108
2D,正解,spine3,69,179.6793570460773
2D,正解,spine3,70,179.84506560309845
2D,正解,spine3,71,179.9688206451596
2D,正解,spine3,72,179.75645514767857
2D,正解,spine3,73,179.52026178133536
2D,正解,spine3,74,179.2642150953304
2D,正解,spine3,75,178.9919946640129
2D,正解,spine3,76,178.71218286635175
2D,正解,spine3,77,178.43559542929816
2D,正解,spine3,78,178.17266883624512
2D,正解,spine3,79,177.93517699022266
2D,正解,spine3,80,177.73363083534477
2D,正解,spine3,81,177.57625764223377
2D,正解,spine3,82,177.46639989101433
2D,正解,spine3,83,177.3961092580244
2D,正解,spine3,84,177.35160497123343
2D,正解,spine3,85,177.31841831643902
2D,正解,spine3,86,177.28467736873944
2D,正解,spine3,87,177.24618683813495
2D,正解,spine3,88,177.20411172024373
2D,正解,spine3,89,177.160330128391
2D,正解,spine3,90,177.11631850046967
2D,正解,spine3,91,177.0754579999392
2D,正解,spine3,92,177.03997098194048
2D,正解,spine3,93,177.0100705738809
2D,正解,spine3,94,176.9862646031322
2D,正解,spine3,95,176.96710752643742
2D,正解,spine3,96,176.94895685922765
2D,正解,spine3,97,176.92918205004796
2D,正解,spine3,98,176.90659321525033
2D,正解,spine3,99,176.8777884295772
2D,正解,spine3,100,176.84292536241512
2D,正解,spine3,101,176.80698227315534
2D,正解,spine4,1,173.7287336183246
2D,正解,spine4,2,173.71815305618563
2D,正解,spine4,3,173.70397460916257
2D,正解,spine4,4,173.6836394335428
2D,正解,spine4,5,173.65769052830908
2D,正解,spine4,6,173.6269496878916
2D,正解,spine4,7,173.59499907451453
2D,正解,spine4,8,173.57056924060706
2D,正解,spine4,9,173.55870666031407
2D,正解,spine4,10,173.55637126254945
2D,正解,spine4,11,173.5586772131058
2D,正解,spine4,12,173.55847954543773
2D,正解,spine4,13,173.54559203917105
2D,正解,spine4,14,173.51250737721526
2D,正解,spine4,15,173.4505239652032
2D,正解,spine4,16,173.35591903143225
2D,正解,spine4,17,173.2477769943275
2D,正解,spine4,18,173.1523635644679
2D,正解,spine4,19,173.09898157765008
2D,正解,spine4,20,173.12307728270034
2D,正解,spine4,21,173.22907438362856
2D,正解,spine4,22,173.365985818284
2D,正解,spine4,23,173.4569896420466
2D,正解,spine4,24,173.44010056152266
2D,正解,spine4,25,173.27764892030942
2D,正解,spine4,26,172.95904010074597
2D,正解,spine4,27,172.49655577223666
2D,正解,spine4,28,171.9257508761907
2D,正解,spine4,29,171.30828896748315
2D,正解,spine4,30,170.7302312655837
2D,正解,spine4,31,170.28660528695892
2D,正解,spine4,32,170.0446195458292
2D,正解,spine4,33,170.02035214635802
2D,正解,spine4,34,170.1738126890093
2D,正解,spine4,35,170.43350196404393
2D,正解,spine4,36,170.7320813910864
2D,正解,spine4,37,171.02592781202867
2D,正解,spine4,38,171.29956345033554
2D,正解,spine4,39,171.55935539698956
2D,正解,spine4,40,171.8216799767089
2D,正解,spine4,41,172.1098979288372
2D,正解,spine4,42,172.43933828023995
2D,正解,spine4,43,172.80175065404896
2D,正解,spine4,44,173.17176392598708
2D,正解,spine4,45,173.51030286288028
2D,正解,spine4,46,173.78392715930607
2D,正解,spine4,47,173.97723833765798
2D,正解,spine4,48,174.09256818563276
2D,正解,spine4,49,174.14784387426414
2D,正解,spine4,50,174.17491762753704
2D,正解,spine4,51,174.21117718306422
2D,正解,spine4,52,174.2938248143362
2D,正解,spine4,53,174.4514916284682
2D,正解,spine4,54,174.690670796938
2D,正解,spine4,55,174.98489015627447
2D,正解,spine4,56,175.28802043617958
2D,正解,spine4,57,175.5644717288029
2D,正解,spine4,58,175.80250627453177
2D,正解,spine4,59,176.01194785214207
2D,正解,spine4,60,176.2160346722537
2D,正解,spine4,61,176.44312419200818
2D,正解,spine4,62,176.7137722250647
2D,正解,spine4,63,177.0178115794365
2D,正解,spine4,64,177.32131149162248
2D,正解,spine4,65,177.59416276937554
2D,正解,spine4,66,177.82037704888063
2D,正解,spine4,67,177.99811066277653
2D,正解,spine4,68,178.1338214053474
2D,正解,spine4,69,178.23169841721233
2D,正解,spine4,70,178.29188517903702
2D,正解,spine4,71,178.31402946074772
2D,正解,spine4,72,178.29683623663496
2D,正解,spine4,73,178.24569295238365
2D,正解,spine4,74,178.1756047733323
2D,正解,spine4,75,178.09754952954268
2D,正解,spine4,76,178.01213872155608
2D,正解,spine4,77,177.91715225163574
2D,正解,spine4,78,177.810881775719
2D,正解,spine4,79,177.69632672440366
2D,正解,spine4,80,177.58298461278235
2D,正解,spine4,81,177.47765356176814
2D,正解,spine4,82,177.38130661897858
2D,正解,spine4,83,177.29456337917483
2D,正解,spine4,84,177.21757796874132
2D,正解,spine4,85,177.15586843250807
2D,正解,spine4,86,177.1200731675143
2D,正解,spine4,87,177.11268606937494
2D,正解,spine4,88,177.12582062773185
2D,正解,spine4,89,177.14796496875496
2D,正解,spine4,90,177.17140245008315
2D,正解,spine4,91,177.1906726414451
2D,正解,spine4,92,177.20654059429134
2D,正解,spine4,93,177.222457542908
2D,正解,spine4,94,177.24191112916577
2D,正解,spine4,95,177.27090822580928
2D,正解,spine4,96,177.31314497192653
2D,正解,spine4,97,177.37013060923053
2D,正解,spine4,98,177.43910110818138
2D,正解,spine4,99,177.51598739257986
2D,正解,spine4,100,177.5953383827582
2D,正解,spine4,101,177.6705835252359
2D,正解,left_elbow,1,176.3159508492026
2D,正解,left_elbow,2,175.98557508295357
2D,正解,left_elbow,3,175.66364586293378
2D,正解,left_elbow,4,175.35598021223106
2D,正解,left_elbow,5,175.073497994354
2D,正解,left_elbow,6,174.8305962172541
2D,正解,left_elbow,7,174.65701793380242
2D,正解,left_elbow,8,174.602818455446
2D,正解,left_elbow,9,174.7108088593687
2D,正解,left_elbow,10,174.99603436241262
2D,正解,left_elbow,11,175.4137947617776
2D,正解,left_elbow,12,175.8577647084023
2D,正解,left_elbow,13,176.23920212975307
2D,正解,left_elbow,14,176.5210366274444
2D,正解,left_elbow,15,176.6986783199645
2D,正解,left_elbow,16,176.81888254805077
2D,正解,left_elbow,17,176.996744450289
2D,正解,left_elbow,18,177.3271471005266
2D,正解,left_elbow,19,177.84525194578137
2D,正解,left_elbow,20,178.53148538034966
2D,正解,left_elbow,21,179.28503781398223
2D,正解,left_elbow,22,179.8656603690147
2D,正解,left_elbow,23,179.98032712400737
2D,正解,left_elbow,24,179.34686312737927
2D,正解,left_elbow,25,177.84050073104285
2D,正解,left_elbow,26,175.62116604711713
2D,正解,left_elbow,27,173.11066455053427
2D,正解,left_elbow,28,170.70929663556248
2D,正解,left_elbow,29,168.7630635551795
2D,正解,left_elbow,30,167.4997646552757
2D,正解,left_elbow,31,166.94933843556456
2D,正解,left_elbow,32,167.5305588409075
2D,正解,left_elbow,33,169.37173492872088
2D,正解,left_elbow,34,172.24811961739246
2D,正解,left_elbow,35,175.6961710462668
2D,正解,left_elbow,36,179.15080767666896
2D,正解,left_elbow,37,177.84290110523526
2D,正解,left_elbow,38,175.49614964534155
2D,正解,left_elbow,39,173.93083269046835
2D,正解,left_elbow,40,173.0464992742399
2D,正解,left_elbow,41,172.81633671146633
2D,正解,left_elbow,42,173.16169913294894
2D,正解,left_elbow,43,173.72570555479962
2D,正解,left_elbow,44,174.5090300845807
2D,正解,left_elbow,45,175.58567070510176
2D,正解,left_elbow,46,176.95966867222705
2D,正解,left_elbow,47,178.45689731389976
2D,正解,left_elbow,48,179.76862691246222
2D,正解,left_elbow,49,179.18054654149094
2D,正解,left_elbow,50,178.43098399582811
2D,正解,left_elbow,51,177.89985517783353
2D,正解,left_elbow,52,177.4717948011801
2D,正解,left_elbow,53,177.21090082365626
2D,正解,left_elbow,54,177.21785047758306
2D,正解,left_elbow,55,177.6289878311168
2D,正解,left_elbow,56,178.53894491907917
2D,正解,left_elbow,57,179.95831182168277
2D,正解,left_elbow,58,178.18034469170297
2D,正解,left_elbow,59,176.02542864758473
2D,正解,left_elbow,60,173.82236028256537
2D,正解,left_elbow,61,171.86644946035742
2D,正解,left_elbow,62,170.387996024061
2D,正解,left_elbow,63,169.4490713057711
2D,正解,left_elbow,64,168.93255970923883
2D,正解,left_elbow,65,168.77316522595726
2D,正解,left_elbow,66,169.07131675697954
2D,正解,left_elbow,67,169.99522156563654
2D,正解,left_elbow,68,171.65370942794848
2D,正解,left_elbow,69,174.02005442617937
2D,正解,left_elbow,70,176.97515831023256
2D,正解,left_elbow,71,179.71425311547455
2D,正解,left_elbow,72,176.32507527038703
2D,正解,left_elbow,73,173.10314952703513
2D,正解,left_elbow,74,170.27944393936528
2D,正解,left_elbow,75,168.02855302879644
2D,正解,left_elbow,76,166.37119294216137
2D,正解,left_elbow,77,165.2287626569079
2D,正解,left_elbow,78,164.48827204731973
2D,正解,left_elbow,79,164.0445772403549
2D,正解,left_elbow,80,163.85709979642502
2D,正解,left_elbow,81,163.9053355044218
2D,正解,left_elbow,82,164.135453652792
2D,正解,left_elbow,83,164.48692108289734
2D,正解,left_elbow,84,164.86547684673468
2D,正解,left_elbow,85,165.17973756224382
2D,正解,left_elbow,86,165.37814825064444
2D,正解,left_elbow,87,165.44997483855647
2D,正解,left_elbow,88,165.43228221618892
2D,正解,left_elbow,89,165.41140980115466
2D,正解,left_elbow,90,165.47415637953281
2D,正解,left_elbow,91,165.61479431062617
2D,正解,left_elbow,92,165.79768232054332
2D,正解,left_elbow,93,166.00702454257953
2D,正解,left_elbow,94,166.21583863132605
2D,正解,left_elbow,95,166.41873723120784
2D,正解,left_elbow,96,166.61738189903963
2D,正解,left_elbow,97,166.7828108607801
2D,正解,left_elbow,98,166.90792066829653
2D,正解,left_elbow,99,167.01702351316683
2D,正解,left_elbow,100,167.1158679813958
2D,正解,left_elbow,101,167.20142053752696
2D,正解,right_elbow,1,79.55015263507251
2D,正解,right_elbow,2,79.6964836906326
2D,正解,right_elbow,3,79.86601346538005
2D,正解,right_elbow,4,80.04691697794452
2D,正解,right_elbow,5,80.22426679830568
2D,正解,right_elbow,6,80.38821438911103
2D,正解,right_elbow,7,80.53899282651265
2D,正解,right_elbow,8,80.69238433643582
2D,正解,right_elbow,9,80.88544832832332
2D,正解,right_elbow,10,81.16300388981132
2D,正解,right_elbow,11,81.55271186509258
2D,正解,right_elbow,12,82.05765242963386
2D,正解,right_elbow,13,82.67250978796156
2D,正解,right_elbow,14,83.37845210735061
2D,正解,right_elbow,15,84.13269461629096
2D,正解,right_elbow,16,84.90270751800156
2D,正解,right_elbow,17,85.69552230145072
2D,正解,right_elbow,18,86.55185424907022
2D,正解,right_elbow,19,87.56650558491373
2D,正解,right_elbow,20,88.87529838477472
2D,正解,right_elbow,21,90.6497786559304
2D,正解,right_elbow,22,92.99426360805057
2D,正解,right_elbow,23,95.92322351012217
2D,正解,right_elbow,24,99.34299059313167
2D,正解,right_elbow,25,103.03160637014344
2D,正解,right_elbow,26,106.7608327918583
2D,正解,right_elbow,27,110.365850339759
2D,正解,right_elbow,28,113.8054684009222
2D,正解,right_elbow,29,117.10571172055586
2D,正解,right_elbow,30,120.28838164891701
2D,正解,right_elbow,31,123.35275023066124
2D,正解,right_elbow,32,126.09375216607118
2D,正解,right_elbow,33,128.2754998747766
2D,正解,right_elbow,34,129.77534113312052
2D,正解,right_elbow,35,130.56362443423842
2D,正解,right_elbow,36,130.74992915419978
2D,正解,right_elbow,37,130.55363060191993
2D,正解,right_elbow,38,130.20639469569682
2D,正解,right_elbow,39,129.9207483329358
2D,正解,right_elbow,40,129.78587879416355
2D,正解,right_elbow,41,129.83637710005556
2D,正解,right_elbow,42,130.02510718971743
2D,正解,right_elbow,43,130.177967764938
2D,正解,right_elbow,44,130.18939301271493
2D,正解,right_elbow,45,129.9842380222087
2D,正解,right_elbow,46,129.5323942346317
2D,正解,right_elbow,47,128.84794344486656
2D,正解,right_elbow,48,127.98051842839934
2D,正解,right_elbow,49,127.0648314867063
2D,正解,right_elbow,50,126.21256912224678
2D,正解,right_elbow,51,125.51913843326808
2D,正解,right_elbow,52,125.03443171764468
2D,正解,right_elbow,53,124.71233827167958
2D,正解,right_elbow,54,124.55490891442918
2D,正解,right_elbow,55,124.50061019356748
2D,正解,right_elbow,56,124.46575339305622
2D,正解,right_elbow,57,124.385319723712
2D,正解,right_elbow,58,124.2090204524979
2D,正解,right_elbow,59,123.90606578807139
2D,正解,right_elbow,60,123.48457187553468
2D,正解,right_elbow,61,123.0202727155335
2D,正解,right_elbow,62,122.5790982806224
2D,正解,right_elbow,63,122.09678700899883
2D,正解,right_elbow,64,121.4938046277067
2D,正解,right_elbow,65,120.87823690806597
2D,正解,right_elbow,66,120.45904848157316
2D,正解,right_elbow,67,120.35147039243748
2D,正解,right_elbow,68,120.55297685901422
2D,正解,right_elbow,69,121.0229600861162
2D,正解,right_elbow,70,121.82849574260052
2D,正解,right_elbow,71,122.92662968670258
2D,正解,right_elbow,72,124.26025431405677
2D,正解,right_elbow,73,125.83810608897416
2D,正解,right_elbow,74,127.60829720114666
2D,正解,right_elbow,75,129.4025055651523
2D,正解,right_elbow,76,131.20512521924195
2D,正解,right_elbow,77,133.07163173026277
2D,正解,right_elbow,78,135.01238977814873
2D,正解,right_elbow,79,137.01230424106691
2D,正解,right_elbow,80,138.9667420125413
2D,正解,right_elbow,81,140.81562923642826
2D,正解,right_elbow,82,142.59953242262023
2D,正解,right_elbow,83,144.21290955578914
2D,正解,right_elbow,84,145.5264042531788
2D,正解,right_elbow,85,146.4475608307298
2D,正解,right_elbow,86,146.93054010203744
2D,正解,right_elbow,87,147.11716841580028
2D,正解,right_elbow,88,147.25374446697862
2D,正解,right_elbow,89,147.38347190398937
2D,正解,right_elbow,90,147.40932887518437
2D,正解,right_elbow,91,147.3676739706843
2D,正解,right_elbow,92,147.28649971886125
2D,正解,right_elbow,93,147.1366041409271
2D,正解,right_elbow,94,147.02477719530518
2D,正解,right_elbow,95,146.98053428799147
2D,正解,right_elbow,96,146.90488668499668
2D,正解,right_elbow,97,146.81490232506326
2D,正解,right_elbow,98,146.73089124537475
2D,正解,right_elbow,99,146.4751806826619
2D,正解,right_elbow,100,145.9584528751339
2D,正解,right_elbow,101,145.34545668639785
2D,正解,left_knee,1,70.23038696091577
2D,正解,left_knee,2,70.1857168797578
2D,正解,left_knee,3,70.12788235990347
2D,正解,left_knee,4,70.05570515634213
2D,正解,left_knee,5,69.96349503101544
2D,正解,left_knee,6,69.84727914919247
2D,正解,left_knee,7,69.70389533227258
2D,正解,left_knee,8,69.53331993378313
2D,正解,left_knee,9,69.34204776657822
2D,正解,left_knee,10,69.13668839145663
2D,正解,left_knee,11,68.92548243200699
2D,正解,left_knee,12,68.71618166333364
2D,正解,left_knee,13,68.51108196984053
2D,正解,left_knee,14,68.30671213404383
2D,正解,left_knee,15,68.09428370727862
2D,正解,left_knee,16,67.86419789757018
2D,正解,left_knee,17,67.6147201089988
2D,正解,left_knee,18,67.35480720197648
2D,正解,left_knee,19,67.10505846238618
2D,正解,left_knee,20,66.89595931613852
2D,正解,left_knee,21,66.76746496806587
2D,正解,left_knee,22,66.75366976349656
2D,正解,left_knee,23,66.88785618214733
2D,正解,left_knee,24,67.20971545590997
2D,正解,left_knee,25,67.75257877881377
2D,正解,left_knee,26,68.55278928139876
2D,正解,left_knee,27,69.63926049778547
2D,正解,left_knee,28,71.03237616678386
2D,正解,left_knee,29,72.72451114482662
2D,正解,left_knee,30,74.6865431948408
2D,正解,left_knee,31,76.88490191621992
2D,正解,left_knee,32,79.27719829450734
2D,正解,left_knee,33,81.80657855968488
2D,正解,left_knee,34,84.4254799937628
2D,正解,left_knee,35,87.06903573388439
2D,正解,left_knee,36,89.6860825824033
2D,正解,left_knee,37,92.2458061189509
2D,正解,left_knee,38,94.72079245856752
2D,正解,left_knee,39,97.0922357021205
2D,正解,left_knee,40,99.34795956052352
2D,正解,left_knee,41,101.49261695742501
2D,正解,left_knee,42,103.53792434100997
2D,正解,left_knee,43,105.54584268623574
2D,正解,left_knee,44,107.57970703483556
2D,正解,left_knee,45,109.70599035175442
2D,正解,left_knee,46,111.977591760665
2D,正解,left_knee,47,114.42676240278035
2D,正解,left_knee,48,117.0621241901276
2D,正解,left_knee,49,119.85335652643286
2D,正解,left_knee,50,122.78168090251079
2D,正解,left_knee,51,125.8386459846517
2D,正解,left_knee,52,129.00273949263394
2D,正解,left_knee,53,132.21125540582935
2D,正解,left_knee,54,135.43348062130286
2D,正解,left_knee,55,138.57875142078566
2D,正解,left_knee,56,141.53379408819293
2D,正解,left_knee,57,144.20338075691632
2D,正解,left_knee,58,146.5082226716772
2D,正解,left_knee,59,148.41354616246664
2D,正解,left_knee,60,149.93387064985177
2D,正解,left_knee,61,151.11636533952034
2D,正解,left_knee,62,152.02919188691254
2D,正解,left_knee,63,152.7422372071774
2D,正解,left_knee,64,153.16652113328095
2D,正解,left_knee,65,153.3323125241903
2D,正解,left_knee,66,153.39617554338972
2D,正解,left_knee,67,153.40787423444127
2D,正解,left_knee,68,153.42372926284105
2D,正解,left_knee,69,153.4962162919665
2D,正解,left_knee,70,153.6522928733785
2D,正解,left_knee,71,153.90919413182294
2D,正解,left_knee,72,154.25501311101036
2D,正解,left_knee,73,154.65258239572867
2D,正解,left_knee,74,155.0742974056259
2D,正解,left_knee,75,155.49985138909994
2D,正解,left_knee,76,155.90346480075473
2D,正解,left_knee,77,156.2762583970577
2D,正解,left_knee,78,156.6231027430525
2D,正解,left_knee,79,156.95130346282517
2D,正解,left_knee,80,157.26889197684773
2D,正解,left_knee,81,157.57473705360616
2D,正解,left_knee,82,157.86114967588108
2D,正解,left_knee,83,158.12826325348803
2D,正解,left_knee,84,158.37758374873764
2D,正解,left_knee,85,158.60535825412634
2D,正解,left_knee,86,158.8082438772739
2D,正解,left_knee,87,158.9791320268973
2D,正解,left_knee,88,159.10610184958765
2D,正解,left_knee,89,159.18602916234403
2D,正解,left_knee,90,159.23115454440858
2D,正解,left_knee,91,159.24384981123166
2D,正解,left_knee,92,159.23003859819323
2D,正解,left_knee,93,159.1932061636949
2D,正解,left_knee,94,159.1328906996044
2D,正解,left_knee,95,159.05087206565554
2D,正解,left_knee,96,158.95640300232438
2D,正解,left_knee,97,158.84954105279257
2D,正解,left_knee,98,158.73179872962885
2D,正解,left_knee,99,158.61742868759762
2D,正解,left_knee,100,158.5150646874271
2D,正解,left_knee,101,158.42577099349168
2D,正解,right_knee,1,41.88963436800092
2D,正解,right_knee,2,41.840093368763284
2D,正解,right_knee,3,41.78745952329331
2D,正解,right_knee,4,41.729069788988916
2D,正解,right_knee,5,41.663322010112054
2D,正解,right_knee,6,41.58829309342338
2D,正解,right_knee,7,41.4984580531695
2D,正解,right_knee,8,41.3947032690507
2D,正解,right_knee,9,41.28028945580108
2D,正解,right_knee,10,41.15812460850832
2D,正解,right_knee,11,41.030587490710055
2D,正解,right_knee,12,40.90005523398556
2D,正解,right_knee,13,40.767921515203284
2D,正解,right_knee,14,40.637786352806195
2D,正解,right_knee,15,40.52181266168215
2D,正解,right_knee,16,40.434721079476226
2D,正解,right_knee,17,40.398177121878426
2D,正解,right_knee,18,40.44018298044271
2D,正解,right_knee,19,40.59574756491169
2D,正解,right_knee,20,40.9054399826789
2D,正解,right_knee,21,41.407426894750046
2D,正解,right_knee,22,42.12621595771347
2D,正解,right_knee,23,43.085022613683606
2D,正解,right_knee,24,44.29905580515038
2D,正解,right_knee,25,45.777856708609576
2D,正解,right_knee,26,47.54389882811956
2D,正解,right_knee,27,49.63162962316341
2D,正解,right_knee,28,52.07668746745982
2D,正解,right_knee,29,54.90761522878598
2D,正解,right_knee,30,58.13930221052065
2D,正解,right_knee,31,61.777985676807845
2D,正解,right_knee,32,65.85905377351254
2D,正解,right_knee,33,70.32288433683703
2D,正解,right_knee,34,75.22177237318118
2D,正解,right_knee,35,80.57835238775121
2D,正解,right_knee,36,86.35609265751627
2D,正解,right_knee,37,92.49383315410086
2D,正解,right_knee,38,98.89127840922093
2D,正解,right_knee,39,105.62465229766273
2D,正解,right_knee,40,112.51278292874427
2D,正解,right_knee,41,119.26257258352027
2D,正解,right_knee,42,125.38627646128289
2D,正解,right_knee,43,131.15448504166764
2D,正解,right_knee,44,136.50052436426546
2D,正解,right_knee,45,141.370463454139
2D,正解,right_knee,46,145.7815760415086
2D,正解,right_knee,47,149.8513147475064
2D,正解,right_knee,48,153.64683107032482
2D,正解,right_knee,49,156.9983349658251
2D,正解,right_knee,50,159.30476179455312
2D,正解,right_knee,51,160.62917086778663
2D,正解,right_knee,52,161.2796147888563
2D,正解,right_knee,53,161.5556295811134
2D,正解,right_knee,54,161.68185304440814
2D,正解,right_knee,55,161.74163605967559
2D,正解,right_knee,56,161.75103805673888
2D,正解,right_knee,57,161.76760999055938
2D,正解,right_knee,58,161.77856154536784
2D,正解,right_knee,59,161.75656493119138
2D,正解,right_knee,60,161.7049370482146
2D,正解,right_knee,61,161.60644641492937
2D,正解,right_knee,62,161.50182124715914
2D,正解,right_knee,63,160.9022108788101
2D,正解,right_knee,64,160.43406892837342
2D,正解,right_knee,65,160.205865307992
2D,正解,right_knee,66,160.1707426008759
2D,正解,right_knee,67,160.098316137385
2D,正解,right_knee,68,160.00901759355332
2D,正解,right_knee,69,159.9046532052374
2D,正解,right_knee,70,159.31268146421723
2D,正解,right_knee,71,158.63283420909093
2D,正解,right_knee,72,158.12117832391317
2D,正解,right_knee,73,157.78572176573198
2D,正解,right_knee,74,157.6179938392439
2D,正解,right_knee,75,157.5725442862959
2D,正解,right_knee,76,157.570809432351
2D,正解,right_knee,77,157.570113404801
2D,正解,right_knee,78,157.5753795034309
2D,正解,right_knee,79,157.59526562169594
2D,正解,right_knee,80,157.61367830551555
2D,正解,right_knee,81,157.59860356559216
2D,正解,right_knee,82,157.52619805030494
2D,正解,right_knee,83,157.41762545818526
2D,正解,right_knee,84,157.30836705946865
2D,正解,right_knee,85,157.23354602673885
2D,正解,right_knee,86,157.2107125430482
2D,正解,right_knee,87,157.2335477453539
2D,正解,right_knee,88,157.27987861984823
2D,正解,right_knee,89,157.33587443540665
2D,正解,right_knee,90,157.3913906122355
2D,正解,right_knee,91,157.4329950491726
2D,正解,right_knee,92,157.4541099147081
2D,正解,right_knee,93,157.45765145639368
2D,正解,right_knee,94,157.4381420223569
2D,正解,right_knee,95,157.4014759010734
2D,正解,right_knee,96,157.3645028412463
2D,正解,right_knee,97,157.33664787920586
2D,正解,right_knee,98,157.31351084982612
2D,正解,right_knee,99,157.3011508070499
2D,正解,right_knee,100,157.30259726109648
2D,正解,right_knee,101,157.301931421945
3D,推定,spine0,1,5.499196406885294
3D,推定,spine0,2,5.517989517393322
3D,推定,spine0,3,6.1617301649836795
3D,推定,spine0,4,5.81766277892518
3D,推定,spine0,5,6.200319089886513
3D,推定,spine0,6,5.759368907089019
3D,推定,spine0,7,5.941751365830096
3D,推定,spine0,8,6.326627146600493
3D,推定,spine0,9,6.3000670444472355
3D,推定,spine0,10,5.438231301525464
3D,推定,spine0,11,5.681207416146645
3D,推定,spine0,12,6.392554323959578
3D,推定,spine0,13,5.923146302947927
3D,推定,spine0,14,6.05348530662027
3D,推定,spine0,15,7.008358055856316
3D,推定,spine0,16,6.440379428337086
3D,推定,spine0,17,6.786496232395232
3D,推定,spine0,18,6.7208620859047885
3D,推定,spine0,19,6.2922537056548995
3D,推定,spine0,20,5.881021173942497
3D,推定,spine0,21,5.427404960745026
3D,推定,spine0,22,5.21056005656913
3D,推定,spine0,23,5.180105298036279
3D,推定,spine0,24,4.770646827329034
3D,推定,spine0,25,4.385178670379093
3D,推定,spine0,26,4.4305662223002615
3D,推定,spine0,27,6.304492766920864
3D,推定,spine0,28,7.98079595204355
3D,推定,spine0,29,14.658512291855056
3D,推定,spine0,30,7.0809635473952275
3D,推定,spine0,31,9.8276330830316
3D,推定,spine0,32,9.500101168900262
3D,推定,spine0,33,6.78377253377091
3D,推定,spine0,34,6.49330155500344
3D,推定,spine0,35,5.771719359861324
3D,推定,spine0,36,6.103875718801506
3D,推定,spine0,37,5.790869778201058
3D,推定,spine0,38,5.61599803359967
3D,推定,spine0,39,5.149684999391823
3D,推定,spine0,40,5.417339649760481
3D,推定,spine0,41,4.442878824988117
3D,推定,spine0,42,4.792655996562276
3D,推定,spine0,43,4.572598474604871
3D,推定,spine0,44,3.9363994071945165
3D,推定,spine0,45,3.5886769204157285
3D,推定,spine0,46,3.2980683716075374
3D,推定,spine0,47,3.3174688043011735
3D,推定,spine0,48,3.0433709217166096
3D,推定,spine0,49,3.327272020880383
3D,推定,spine0,50,3.2406685814219016
3D,推定,spine0,51,3.0069153765466217
3D,推定,spine0,52,3.0236373455518812
3D,推定,spine0,53,3.0429798394675585
3D,推定,spine0,54,3.112255171939411
3D,推定,spine0,55,3.172247328815498
3D,推定,spine0,56,3.3609571197607315
3D,推定,spine0,57,3.3444421132364646
3D,推定,spine0,58,3.7067702213796987
3D,推定,spine0,59,2.9324087902871754
3D,推定,spine0,60,2.676420326371396
3D,推定,spine0,61,2.3610194232075563
3D,推定,spine0,62,2.497795515242279
3D,推定,spine0,63,2.566255970242679
3D,推定,spine0,64,2.555200479652262
3D,推定,spine0,65,2.399184899216708
3D,推定,spine0,66,2.4885942055201693
3D,推定,spine0,67,2.3738861757286047
3D,推定,spine0,68,2.3663463407205274
3D,推定,spine0,69,2.3158006888852154
3D,推定,spine0,70,2.219347937020346
3D,推定,spine0,71,2.1816800677063504
3D,推定,spine0,72,2.2894037199779644
3D,推定,spine0,73,2.2585976891875146
3D,推定,spine0,74,2.298271070247385
3D,推定,spine0,75,2.166347498216184
3D,推定,spine0,76,1.9491178447507045
3D,推定,spine0,77,1.9097429149430007
3D,推定,spine0,78,1.992726159372421
3D,推定,spine0,79,2.038730030193408
3D,推定,spine0,80,2.195122881645552
3D,推定,spine0,81,2.301509763108517
3D,推定,spine0,82,2.264351820778626
3D,推定,spine0,83,2.3039804759337343
3D,推定,spine0,84,2.3290576100605622
3D,推定,spine0,85,2.3763648716034744
3D,推定,spine0,86,2.4044602547052607
3D,推定,spine0,87,2.396358738177242
3D,推定,spine0,88,2.306940032526361
3D,推定,spine0,89,2.2932063491157653
3D,推定,spine0,90,2.2458816439069826
3D,推定,spine0,91,2.2684289187959688
3D,推定,spine0,92,2.258157383149583
3D,推定,spine0,93,2.236217491975299
3D,推定,spine0,94,2.2482740904821306
3D,推定,spine0,95,2.2272275873902405
3D,推定,spine0,96,2.265411910875325
3D,推定,spine0,97,2.3622049647951715
3D,推定,spine0,98,2.319656953745874
3D,推定,spine0,99,2.3470121440599145
3D,推定,spine0,100,2.3803001146535605
3D,推定,spine0,101,2.4369259962058982
3D,推定,spine1,1,173.59638882674088
3D,推定,spine1,2,175.46603968763304
3D,推定,spine1,3,176.11534131690073
3D,推定,spine1,4,175.48622532475983
3D,推定,spine1,5,176.42407552435287
3D,推定,spine1,6,174.7645269086416
3D,推定,spine1,7,175.44241819419665
3D,推定,spine1,8,176.8130592788063
3D,推定,spine1,9,176.74341006495257
3D,推定,spine1,10,172.309412294822
3D,推定,spine1,11,172.67834120466952
3D,推定,spine1,12,175.6542789372743
3D,推定,spine1,13,172.2875490602181
3D,推定,spine1,14,171.73667140818247
3D,推定,spine1,15,173.88968153203055
3D,推定,spine1,16,169.68390944598838
3D,推定,spine1,17,170.97611090750067
3D,推定,spine1,18,171.28755507505736
3D,推定,spine1,19,170.05443922947927
3D,推定,spine1,20,173.60154538931712
3D,推定,spine1,21,174.87125409518512
3D,推定,spine1,22,172.30606057839418
3D,推定,spine1,23,170.89122888395084
3D,推定,spine1,24,171.98237122285065
3D,推定,spine1,25,166.7910181975722
3D,推定,spine1,26,169.58272174655855
3D,推定,spine1,27,174.2645811650707
3D,推定,spine1,28,172.20127781009717
3D,推定,spine1,29,164.3702527046318
3D,推定,spine1,30,172.36069599010736
3D,推定,spine1,31,169.65048817339647
3D,推定,spine1,32,170.1106040893351
3D,推定,spine1,33,173.4087836301191
3D,推定,spine1,34,174.03490401551772
3D,推定,spine1,35,174.82093569921858
3D,推定,spine1,36,173.56220856322167
3D,推定,spine1,37,174.40346996803945
3D,推定,spine1,38,174.9367179894571
3D,推定,spine1,39,175.41205628320455
3D,推定,spine1,40,174.89511879923876
3D,推定,spine1,41,176.18200519646092
3D,推定,spine1,42,175.74536664223933
3D,推定,spine1,43,175.5734496523219
3D,推定,spine1,44,175.6515169967727
3D,推定,spine1,45,175.83063485201748
3D,推定,spine1,46,176.584511816454
3D,推定,spine1,47,176.37077879638417
3D,推定,spine1,48,176.17157777282515
3D,推定,spine1,49,176.56882737828448
3D,推定,spine1,50,176.95055140507523
3D,推定,spine1,51,176.54697674213483
3D,推定,spine1,52,176.73427278032491
3D,推定,spine1,53,177.17134506700668
3D,推定,spine1,54,177.2581835071139
3D,推定,spine1,55,177.20580998883074
3D,推定,spine1,56,177.6343904385021
3D,推定,spine1,57,177.38344887398662
3D,推定,spine1,58,177.81233692305065
3D,推定,spine1,59,177.06557272778113
3D,推定,spine1,60,176.41022375459679
3D,推定,spine1,61,176.08879425526547
3D,推定,spine1,62,176.02801632552806
3D,推定,spine1,63,176.0967713199034
3D,推定,spine1,64,176.40023375104457
3D,推定,spine1,65,176.23798792514762
3D,推定,spine1,66,176.16557555094042
3D,推定,spine1,67,175.7240829998846
3D,推定,spine1,68,175.7899133979639
3D,推定,spine1,69,175.42964098188807
3D,推定,spine1,70,174.98265315199896
3D,推定,spine1,71,175.10195304888498
3D,推定,spine1,72,175.1286227721595
3D,推定,spine1,73,175.05345464933026
3D,推定,spine1,74,174.97523171122367
3D,推定,spine1,75,174.9727180425229
3D,推定,spine1,76,174.3567636240692
3D,推定,spine1,77,174.3212761354019
3D,推定,spine1,78,174.54716302924402
3D,推定,spine1,79,174.4311499802298
3D,推定,spine1,80,174.41779946428227
3D,推定,spine1,81,174.13029612324817
3D,推定,spine1,82,174.47390631409007
3D,推定,spine1,83,174.42732216582715
3D,推定,spine1,84,174.65901076013137
3D,推定,spine1,85,174.42853093841615
3D,推定,spine1,86,174.52360258571534
3D,推定,spine1,87,174.5092065569974
3D,推定,spine1,88,174.5443843157678
3D,推定,spine1,89,174.47726177725787
3D,推定,spine1,90,174.61007382932252
3D,推定,spine1,91,174.700519833311
3D,推定,spine1,92,174.7355816471051
3D,推定,spine1,93,174.64268733359478
3D,推定,spine1,94,174.60080854551936
3D,推定,spine1,95,174.68378834824537
3D,推定,spine1,96,174.69651974349392
3D,推定,spine1,97,174.2483288512745
3D,推定,spine1,98,174.28703098165414
3D,推定,spine1,99,174.30666498941707
3D,推定,spine1,100,174.3909644021618
3D,推定,spine1,101,174.26933958671236
3D,推定,spine2,1,171.078288994273
3D,推定,spine2,2,173.29266992489042
3D,推定,spine2,3,174.3485543206645
3D,推定,spine2,4,172.8278223442677
3D,推定,spine2,5,173.55034059190785
3D,推定,spine2,6,171.53989265726736
3D,推定,spine2,7,171.94930842954992
3D,推定,spine2,8,173.1903483487836
3D,推定,spine2,9,172.9321480087304
3D,推定,spine2,10,169.16683788301364
3D,推定,spine2,11,169.14739428024924
3D,推定,spine2,12,171.48571688118002
3D,推定,spine2,13,168.74344199438556
3D,推定,spine2,14,167.96778124149162
3D,推定,spine2,15,169.1430663279723
3D,推定,spine2,16,164.83949572630513
3D,推定,spine2,17,166.25379973332457
3D,推定,spine2,18,167.12706120402908
3D,推定,spine2,19,166.48798300985257
3D,推定,spine2,20,170.35021982558285
3D,推定,spine2,21,172.5975126129916
3D,推定,spine2,22,169.33701554024688
3D,推定,spine2,23,168.9799210228425
3D,推定,spine2,24,170.00873998259334
3D,推定,spine2,25,165.12359106078583
3D,推定,spine2,26,168.03692108077726
3D,推定,spine2,27,171.62938877481258
3D,推定,spine2,28,170.3991292837789
3D,推定,spine2,29,173.80144627581342
3D,推定,spine2,30,171.85717591403753
3D,推定,spine2,31,172.21209834182653
3D,推定,spine2,32,172.25298224464998
3D,推定,spine2,33,173.57999156765857
3D,推定,spine2,34,174.09141248208388
3D,推定,spine2,35,174.54481215806396
3D,推定,spine2,36,175.05163078318873
3D,推定,spine2,37,175.04960002345973
3D,推定,spine2,38,174.93139434454906
3D,推定,spine2,39,174.99655521568118
3D,推定,spine2,40,175.04893806198444
3D,推定,spine2,41,175.31561672927225
3D,推定,spine2,42,175.4168555087411
3D,推定,spine2,43,175.9447949231436
3D,推定,spine2,44,176.27496642838418
3D,推定,spine2,45,176.66545025362657
3D,推定,spine2,46,177.10064239398716
3D,推定,spine2,47,176.79548180662246
3D,推定,spine2,48,177.1148086131223
3D,推定,spine2,49,177.1990467838021
3D,推定,spine2,50,177.52229148486748
3D,推定,spine2,51,177.65902233932007
3D,推定,spine2,52,177.6672993532296
3D,推定,spine2,53,178.01918210070153
3D,推定,spine2,54,178.1980912485553
3D,推定,spine2,55,178.280772336683
3D,推定,spine2,56,178.01717951864822
3D,推定,spine2,57,178.42233857608556
3D,推定,spine2,58,178.92086511652414
3D,推定,spine2,59,178.94534316708481
3D,推定,spine2,60,178.35590959133415
3D,推定,spine2,61,178.3340664326107
3D,推定,spine2,62,177.5228224822974
3D,推定,spine2,63,177.32993264301356
3D,推定,spine2,64,177.6274487363988
3D,推定,spine2,65,177.84786580742332
3D,推定,spine2,66,177.1490967093876
3D,推定,spine2,67,177.06776278769752
3D,推定,spine2,68,177.41119728916968
3D,推定,spine2,69,177.09852718523243
3D,推定,spine2,70,176.1126117716624
3D,推定,spine2,71,176.57898855496808
3D,推定,spine2,72,175.47788231473515
3D,推定,spine2,73,175.94871508255602
3D,推定,spine2,74,176.7822191199398
3D,推定,spine2,75,177.04777992159825
3D,推定,spine2,76,176.82023971191362
3D,推定,spine2,77,176.76213660533125
3D,推定,spine2,78,176.97447167049265
3D,推定,spine2,79,176.98301394729916
3D,推定,spine2,80,176.70229079922717
3D,推定,spine2,81,176.21642324996378
3D,推定,spine2,82,176.67143079790628
3D,推定,spine2,83,176.5790538113613
3D,推定,spine2,84,176.76795103605707
3D,推定,spine2,85,176.5292079016534
3D,推定,spine2,86,176.53178070283593
3D,推定,spine2,87,176.4509888950328
3D,推定,spine2,88,176.50161247672045
3D,推定,spine2,89,176.40860655740983
3D,推定,spine2,90,176.6220891897196
3D,推定,spine2,91,176.69009923424338
3D,推定,spine2,92,176.73135116873777
3D,推定,spine2,93,176.65860478911475
3D,推定,spine2,94,176.5696632712353
3D,推定,spine2,95,176.69896136841342
3D,推定,spine2,96,176.6999331207395
3D,推定,spine2,97,176.0118878757412
3D,推定,spine2,98,176.07926793732994
3D,推定,spine2,99,176.05122240288958
3D,推定,spine2,100,176.159651009429
3D,推定,spine2,101,175.97373393752852
3D,推定,spine3,1,162.6461743460207
3D,推定,spine3,2,168.73938759676903
3D,推定,spine3,3,168.7029722162816
3D,推定,spine3,4,167.9231472312849
3D,推定,spine3,5,166.48927697140002
3D,推定,spine3,6,166.91543259175813
3D,推定,spine3,7,166.48476022245782
3D,推定,spine3,8,167.42242238822465
3D,推定,spine3,9,168.55359042072647
3D,推定,spine3,10,168.5409304265811
3D,推定,spine3,11,169.02616085091793
3D,推定,spine3,12,169.81693072603034
3D,推定,spine3,13,167.53777461348645
3D,推定,spine3,14,168.2719604518554
3D,推定,spine3,15,168.26961553369964
3D,推定,spine3,16,167.70850517150745
3D,推定,spine3,17,169.70814729593437
3D,推定,spine3,18,170.54935966493105
3D,推定,spine3,19,169.91312611711643
3D,推定,spine3,20,170.93344838365493
3D,推定,spine3,21,172.19210350557694
3D,推定,spine3,22,170.54486903051347
3D,推定,spine3,23,172.91462631957316
3D,推定,spine3,24,172.16677705479637
3D,推定,spine3,25,174.37118475387504
3D,推定,spine3,26,175.6821101445809
3D,推定,spine3,27,174.28874806975958
3D,推定,spine3,28,174.0738963956061
3D,推定,spine3,29,170.442005296406
3D,推定,spine3,30,170.648256053817
3D,推定,spine3,31,171.4946029945613
3D,推定,spine3,32,172.97094560275136
3D,推定,spine3,33,172.79108647443022
3D,推定,spine3,34,174.7167941890309
3D,推定,spine3,35,174.3129306465356
3D,推定,spine3,36,174.41287394625067
3D,推定,spine3,37,174.36650294375377
3D,推定,spine3,38,174.99181015232577
3D,推定,spine3,39,175.51458521384495
3D,推定,spine3,40,175.87900680542154
3D,推定,spine3,41,175.3204293847743
3D,推定,spine3,42,175.1532847519878
3D,推定,spine3,43,174.7335204222781
3D,推定,spine3,44,175.4487335828053
3D,推定,spine3,45,176.15866286964769
3D,推定,spine3,46,176.7822558697706
3D,推定,spine3,47,177.2454038983823
3D,推定,spine3,48,177.45347799004682
3D,推定,spine3,49,177.64402389356331
3D,推定,spine3,50,177.56959749077274
3D,推定,spine3,51,177.51606363640664
3D,推定,spine3,52,178.1048761357377
3D,推定,spine3,53,178.00755503778566
3D,推定,spine3,54,178.38725948664714
3D,推定,spine3,55,178.27190132541122
3D,推定,spine3,56,177.48472360954818
3D,推定,spine3,57,177.57535993942923
3D,推定,spine3,58,178.01048295761336
3D,推定,spine3,59,178.16504725980533
3D,推定,spine3,60,178.1545844002492
3D,推定,spine3,61,178.50026188949386
3D,推定,spine3,62,179.56094048105703
3D,推定,spine3,63,179.65826624640746
3D,推定,spine3,64,179.0284805208139
3D,推定,spine3,65,178.78119766151679
3D,推定,spine3,66,178.59317542029152
3D,推定,spine3,67,178.94412026187126
3D,推定,spine3,68,179.08589882558417
3D,推定,spine3,69,179.21920661914234
3D,推定,spine3,70,178.3934124733497
3D,推定,spine3,71,178.57384317621467
3D,推定,spine3,72,176.80404791176005
3D,推定,spine3,73,177.0373636119736
3D,推定,spine3,74,178.16836251885115
3D,推定,spine3,75,177.87189494317786
3D,推定,spine3,76,178.46925468490048
3D,推定,spine3,77,178.391116627287
3D,推定,spine3,78,178.45850164384268
3D,推定,spine3,79,178.84665086982582
3D,推定,spine3,80,178.72082299580146
3D,推定,spine3,81,178.26504938503146
3D,推定,spine3,82,178.39523229075428
3D,推定,spine3,83,178.42621772744096
3D,推定,spine3,84,178.50937774118083
3D,推定,spine3,85,178.39529087498607
3D,推定,spine3,86,178.60237275416438
3D,推定,spine3,87,178.5288759489945
3D,推定,spine3,88,178.46539900926365
3D,推定,spine3,89,178.3607882641834
3D,推定,spine3,90,178.38421653420804
3D,推定,spine3,91,178.41974853768437
3D,推定,spine3,92,178.50400403887033
3D,推定,spine3,93,178.4826451744379
3D,推定,spine3,94,178.25688702003131
3D,推定,spine3,95,178.19550801408244
3D,推定,spine3,96,178.15151807263467
3D,推定,spine3,97,177.82959532347712
3D,推定,spine3,98,177.82605738958762
3D,推定,spine3,99,177.66093240244663
3D,推定,spine3,100,177.7269902703952
3D,推定,spine3,101,177.68571921850756
3D,推定,spine4,1,168.48715424854845
3D,推定,spine4,2,173.22979512876114
3D,推定,spine4,3,173.48585935437654
3D,推定,spine4,4,172.98187915189672
3D,推定,spine4,5,171.69209055573143
3D,推定,spine4,6,171.94267886730896
3D,推定,spine4,7,171.39692865864524
3D,推定,spine4,8,172.08323414137172
3D,推定,spine4,9,173.0191381391217
3D,推定,spine4,10,172.33048089889851
3D,推定,spine4,11,172.76095164718348
3D,推定,spine4,12,173.67308325650458
3D,推定,spine4,13,171.07270440824215
3D,推定,spine4,14,171.96903309096737
3D,推定,spine4,15,172.00501988977518
3D,推定,spine4,16,171.25174606264588
3D,推定,spine4,17,172.41760072992528
3D,推定,spine4,18,173.11932407868443
3D,推定,spine4,19,171.33891509263032
3D,推定,spine4,20,172.7380359794712
3D,推定,spine4,21,174.0148728801032
3D,推定,spine4,22,173.10486387979458
3D,推定,spine4,23,174.66461278501313
3D,推定,spine4,24,174.63322101779823
3D,推定,spine4,25,175.17132965813437
3D,推定,spine4,26,176.50901518182025
3D,推定,spine4,27,176.01045620903085
3D,推定,spine4,28,175.6030679262651
3D,推定,spine4,29,175.11045477319806
3D,推定,spine4,30,171.14967722214283
3D,推定,spine4,31,172.41709851854438
3D,推定,spine4,32,174.49088321188188
3D,推定,spine4,33,174.79290505543742
3D,推定,spine4,34,176.61642672322048
3D,推定,spine4,35,174.98867397729376
3D,推定,spine4,36,173.13267429009548
3D,推定,spine4,37,174.42582467755884
3D,推定,spine4,38,174.38203647740505
3D,推定,spine4,39,174.20702857185688
3D,推定,spine4,40,173.15489764691947
3D,推定,spine4,41,172.80953788135488
3D,推定,spine4,42,172.69730226178197
3D,推定,spine4,43,171.51670379822505
3D,推定,spine4,44,173.29662863122178
3D,推定,spine4,45,173.46649604187334
3D,推定,spine4,46,175.01455871132777
3D,推定,spine4,47,175.50599180192643
3D,推定,spine4,48,175.8668066051856
3D,推定,spine4,49,175.08372724924322
3D,推定,spine4,50,175.60124498094817
3D,推定,spine4,51,175.44845581821485
3D,推定,spine4,52,175.45063084604797
3D,推定,spine4,53,174.71791539491028
3D,推定,spine4,54,174.86600094425512
3D,推定,spine4,55,174.61214909995283
3D,推定,spine4,56,173.3437695577549
3D,推定,spine4,57,173.54569789874304
3D,推定,spine4,58,173.63893378790772
3D,推定,spine4,59,174.18257007035874
3D,推定,spine4,60,174.35874780022021
3D,推定,spine4,61,174.48928835102151
3D,推定,spine4,62,175.4832536632779
3D,推定,spine4,63,175.96752208981295
3D,推定,spine4,64,176.2141540182461
3D,推定,spine4,65,175.9898500439722
3D,推定,spine4,66,175.30822922957816
3D,推定,spine4,67,176.0711631325745
3D,推定,spine4,68,174.53812180194538
3D,推定,spine4,69,174.91249003787806
3D,推定,spine4,70,174.78159372300166
3D,推定,spine4,71,174.1487395428381
3D,推定,spine4,72,174.32336289338056
3D,推定,spine4,73,172.27125398251505
3D,推定,spine4,74,172.59056206234683
3D,推定,spine4,75,172.1790111128948
3D,推定,spine4,76,173.59899362716308
3D,推定,spine4,77,173.59808934198063
3D,推定,spine4,78,173.5977775739273
3D,推定,spine4,79,174.78669654092408
3D,推定,spine4,80,174.8493379267646
3D,推定,spine4,81,174.48445241706486
3D,推定,spine4,82,174.4367892176282
3D,推定,spine4,83,174.630462838951
3D,推定,spine4,84,174.80746811290527
3D,推定,spine4,85,174.74283911889052
3D,推定,spine4,86,174.94240350379175
3D,推定,spine4,87,174.83574988861457
3D,推定,spine4,88,174.76958902285077
3D,推定,spine4,89,174.66411825107838
3D,推定,spine4,90,174.59210859359126
3D,推定,spine4,91,174.51560528412284
3D,推定,spine4,92,174.51403085325214
3D,推定,spine4,93,174.5484660203277
3D,推定,spine4,94,174.49901459717725
3D,推定,spine4,95,174.41193925335307
3D,推定,spine4,96,174.4165008026901
3D,推定,spine4,97,174.45872192696848
3D,推定,spine4,98,174.4398802925838
3D,推定,spine4,99,174.2222399143346
3D,推定,spine4,100,174.1957812675677
3D,推定,spine4,101,174.15877432162
3D,推定,left_elbow,1,71.4416340091813
3D,推定,left_elbow,2,77.72117949433776
3D,推定,left_elbow,3,81.8075752907793
3D,推定,left_elbow,4,79.98849577145238
3D,推定,left_elbow,5,78.89054040967811
3D,推定,left_elbow,6,76.63918492492736
3D,推定,left_elbow,7,77.3559801027289
3D,推定,left_elbow,8,78.41506599509387
3D,推定,left_elbow,9,77.05811656997048
3D,推定,left_elbow,10,76.33889086417587
3D,推定,left_elbow,11,77.91063729507873
3D,推定,left_elbow,12,80.60061508204573
3D,推定,left_elbow,13,79.5977623650793
3D,推定,left_elbow,14,80.38031635507433
3D,推定,left_elbow,15,83.89080269910635
3D,推定,left_elbow,16,84.22488551702925
3D,推定,left_elbow,17,89.61000648551881
3D,推定,left_elbow,18,90.81833179354155
3D,推定,left_elbow,19,89.89275798857412
3D,推定,left_elbow,20,89.32493955589062
3D,推定,left_elbow,21,92.61193220298176
3D,推定,left_elbow,22,93.81448576279963
3D,推定,left_elbow,23,92.36072591031859
3D,推定,left_elbow,24,99.5671445646933
3D,推定,left_elbow,25,104.99051002753201
3D,推定,left_elbow,26,112.62766510188014
3D,推定,left_elbow,27,84.10212426859025
3D,推定,left_elbow,28,89.5128918756849
3D,推定,left_elbow,29,88.71611292507164
3D,推定,left_elbow,30,95.64981507401203
3D,推定,left_elbow,31,88.0424380185389
3D,推定,left_elbow,32,95.19808331482841
3D,推定,left_elbow,33,107.7607829863508
3D,推定,left_elbow,34,120.30036780424065
3D,推定,left_elbow,35,116.65329610016981
3D,推定,left_elbow,36,126.23474682017037
3D,推定,left_elbow,37,122.30543307170122
3D,推定,left_elbow,38,111.07060330264656
3D,推定,left_elbow,39,115.75714126059597
3D,推定,left_elbow,40,114.06818526085137
3D,推定,left_elbow,41,107.97595886147448
3D,推定,left_elbow,42,104.3814836683955
3D,推定,left_elbow,43,117.48779383098706
3D,推定,left_elbow,44,114.7847413368502
3D,推定,left_elbow,45,116.87915197962019
3D,推定,left_elbow,46,114.14725862004522
3D,推定,left_elbow,47,118.34383751949659
3D,推定,left_elbow,48,116.83941413838859
3D,推定,left_elbow,49,114.83417818142898
3D,推定,left_elbow,50,117.07687669617594
3D,推定,left_elbow,51,115.33710644780778
3D,推定,left_elbow,52,112.10330684063503
3D,推定,left_elbow,53,117.12296243411991
3D,推定,left_elbow,54,116.73415989005072
3D,推定,left_elbow,55,117.49574821611317
3D,推定,left_elbow,56,118.3837828735086
3D,推定,left_elbow,57,115.56971164260744
3D,推定,left_elbow,58,112.43376270622717
3D,推定,left_elbow,59,119.62945727563341
3D,推定,left_elbow,60,119.96331086223125
3D,推定,left_elbow,61,120.21267823107306
3D,推定,left_elbow,62,124.6618620647214
3D,推定,left_elbow,63,124.65879551188641
3D,推定,left_elbow,64,124.49224491663986
3D,推定,left_elbow,65,122.97353233086024
3D,推定,left_elbow,66,121.25737529273754
3D,推定,left_elbow,67,125.41859914921872
3D,推定,left_elbow,68,121.57090765797999
3D,推定,left_elbow,69,120.14799223308547
3D,推定,left_elbow,70,121.6103130809172
3D,推定,left_elbow,71,122.92813808539057
3D,推定,left_elbow,72,125.02067531896776
3D,推定,left_elbow,73,127.09373115326218
3D,推定,left_elbow,74,128.5503677643332
3D,推定,left_elbow,75,129.59327432673516
3D,推定,left_elbow,76,129.00840703478778
3D,推定,left_elbow,77,128.52377236132767
3D,推定,left_elbow,78,129.8333046881916
3D,推定,left_elbow,79,129.39824959533243
3D,推定,left_elbow,80,128.53626170006547
3D,推定,left_elbow,81,129.5552357509273
3D,推定,left_elbow,82,130.0674678122967
3D,推定,left_elbow,83,130.19264256898268
3D,推定,left_elbow,84,130.16589888032928
3D,推定,left_elbow,85,130.57410675151962
3D,推定,left_elbow,86,130.29247541513365
3D,推定,left_elbow,87,130.04820216488577
3D,推定,left_elbow,88,130.09795779071374
3D,推定,left_elbow,89,129.81431304637223
3D,推定,left_elbow,90,129.53349032822774
3D,推定,left_elbow,91,129.51740731314686
3D,推定,left_elbow,92,129.51612487446295
3D,推定,left_elbow,93,129.5569659079704
3D,推定,left_elbow,94,129.43543480490726
3D,推定,left_elbow,95,129.66918646466834
3D,推定,left_elbow,96,129.5021742976793
3D,推定,left_elbow,97,130.54748393533316
3D,推定,left_elbow,98,130.87709105169716
3D,推定,left_elbow,99,131.0360479940269
3D,推定,left_elbow,100,130.54221197052942
3D,推定,left_elbow,101,130.11745547976787
3D,推定,right_elbow,1,85.49330240159446
3D,推定,right_elbow,2,81.87777228889978
3D,推定,right_elbow,3,78.8185561850508
3D,推定,right_elbow,4,78.27898835450846
3D,推定,right_elbow,5,78.57612016789994
3D,推定,right_elbow,6,81.03408278816501
3D,推定,right_elbow,7,80.72609578103415
3D,推定,right_elbow,8,83.57214450335802
3D,推定,right_elbow,9,86.07992591667387
3D,推定,right_elbow,10,87.2757978100776
3D,推定,right_elbow,11,93.55423821953454
3D,推定,right_elbow,12,97.22875495798026
3D,推定,right_elbow,13,91.55992437108473
3D,推定,right_elbow,14,86.540548895868
3D,推定,right_elbow,15,88.87113991420019
3D,推定,right_elbow,16,86.57862405750228
3D,推定,right_elbow,17,96.36995549895828
3D,推定,right_elbow,18,98.55546224846988
3D,推定,right_elbow,19,100.96143697746366
3D,推定,right_elbow,20,99.75113064340937
3D,推定,right_elbow,21,108.36322241215223
3D,推定,right_elbow,22,104.91447350940736
3D,推定,right_elbow,23,110.42909890921995
3D,推定,right_elbow,24,116.08529833763814
3D,推定,right_elbow,25,110.59597341702172
3D,推定,right_elbow,26,110.60186363362611
3D,推定,right_elbow,27,138.72752344592615
3D,推定,right_elbow,28,126.62332452782722
3D,推定,right_elbow,29,142.61427349489222
3D,推定,right_elbow,30,145.43328337157604
3D,推定,right_elbow,31,144.83406151481927
3D,推定,right_elbow,32,128.93170343062548
3D,推定,right_elbow,33,126.25550159421756
3D,推定,right_elbow,34,132.4193050740742
3D,推定,right_elbow,35,128.48841289884427
3D,推定,right_elbow,36,129.15363489736697
3D,推定,right_elbow,37,126.79736699014191
3D,推定,right_elbow,38,133.3498654345737
3D,推定,right_elbow,39,138.8886907597961
3D,推定,right_elbow,40,137.2125014021616
3D,推定,right_elbow,41,141.857673962756
3D,推定,right_elbow,42,137.417157847369
3D,推定,right_elbow,43,135.00737821885258
3D,推定,right_elbow,44,129.44901478503067
3D,推定,right_elbow,45,128.117420067644
3D,推定,right_elbow,46,134.83292891893075
3D,推定,right_elbow,47,136.74420950410743
3D,推定,right_elbow,48,126.88887828714653
3D,推定,right_elbow,49,136.6984181148183
3D,推定,right_elbow,50,132.38087883113874
3D,推定,right_elbow,51,126.95374236433005
3D,推定,right_elbow,52,124.86938668322463
3D,推定,right_elbow,53,114.50235963893317
3D,推定,right_elbow,54,118.08694922926449
3D,推定,right_elbow,55,119.310138729198
3D,推定,right_elbow,56,116.75382830704692
3D,推定,right_elbow,57,113.32153524149666
3D,推定,right_elbow,58,115.30599934594555
3D,推定,right_elbow,59,113.49021299048323
3D,推定,right_elbow,60,115.70906539192471
3D,推定,right_elbow,61,109.5251695502564
3D,推定,right_elbow,62,120.39335932152858
3D,推定,right_elbow,63,123.12261204621215
3D,推定,right_elbow,64,116.83986822109317
3D,推定,right_elbow,65,107.86825139965826
3D,推定,right_elbow,66,104.57383937311977
3D,推定,right_elbow,67,109.82624215673418
3D,推定,right_elbow,68,99.24943059952506
3D,推定,right_elbow,69,100.34451397422912
3D,推定,right_elbow,70,95.42672374816004
3D,推定,right_elbow,71,95.43645881948949
3D,推定,right_elbow,72,94.5844975083739
3D,推定,right_elbow,73,90.94666082060657
3D,推定,right_elbow,74,94.66891578877814
3D,推定,right_elbow,75,88.40664339020483
3D,推定,right_elbow,76,82.34966030285118
3D,推定,right_elbow,77,80.4247911090878
3D,推定,right_elbow,78,80.99742495645667
3D,推定,right_elbow,79,80.31532086536374
3D,推定,right_elbow,80,85.252004272754
3D,推定,right_elbow,81,82.38484901532038
3D,推定,right_elbow,82,84.48860622932118
3D,推定,right_elbow,83,85.75199187791384
3D,推定,right_elbow,84,88.66233693579743
3D,推定,right_elbow,85,88.41136325373022
3D,推定,right_elbow,86,93.78357510735853
3D,推定,right_elbow,87,94.80587145603356
3D,推定,right_elbow,88,91.97718756596323
3D,推定,right_elbow,89,91.12026336039214
3D,推定,right_elbow,90,89.46219055507032
3D,推定,right_elbow,91,92.82557231006145
3D,推定,right_elbow,92,93.16907810585931
3D,推定,right_elbow,93,90.56488077528282
3D,推定,right_elbow,94,89.51520941913068
3D,推定,right_elbow,95,88.12954887230707
3D,推定,right_elbow,96,89.18750225160409
3D,推定,right_elbow,97,89.46511697001573
3D,推定,right_elbow,98,87.87159660432327
3D,推定,right_elbow,99,89.21672648968618
3D,推定,right_elbow,100,90.76346205558491
3D,推定,right_elbow,101,93.2540441042267
3D,推定,left_knee,1,35.16868842471382
3D,推定,left_knee,2,107.23931998106747
3D,推定,left_knee,3,83.04869277845172
3D,推定,left_knee,4,49.71754565626274
3D,推定,left_knee,5,29.843554188135172
3D,推定,left_knee,6,13.440374992118318
3D,推定,left_knee,7,11.782651181772739
3D,推定,left_knee,8,21.311932332558726
3D,推定,left_knee,9,38.97607599865254
3D,推定,left_knee,10,67.53908138898976
3D,推定,left_knee,11,54.44032976067299
3D,推定,left_knee,12,44.62035375156195
3D,推定,left_knee,13,95.15923236007414
3D,推定,left_knee,14,65.92931591820535
3D,推定,left_knee,15,64.99827278795414
3D,推定,left_knee,16,58.685746204209
3D,推定,left_knee,17,58.97692692896452
3D,推定,left_knee,18,73.5903449004701
3D,推定,left_knee,19,117.7213579167895
3D,推定,left_knee,20,34.500615448262714
3D,推定,left_knee,21,100.30709184323173
3D,推定,left_knee,22,49.41886193415895
3D,推定,left_knee,23,132.80363824437194
3D,推定,left_knee,24,130.64751670923278
3D,推定,left_knee,25,120.33729061332438
3D,推定,left_knee,26,125.62215236106543
3D,推定,left_knee,27,141.1165722390213
3D,推定,left_knee,28,130.38878948133828
3D,推定,left_knee,29,132.65806294538888
3D,推定,left_knee,30,138.24932002286982
3D,推定,left_knee,31,139.75527563969175
3D,推定,left_knee,32,141.82660478719373
3D,推定,left_knee,33,145.78699275373577
3D,推定,left_knee,34,144.42888238369807
3D,推定,left_knee,35,145.84774147938057
3D,推定,left_knee,36,146.4261099343979
3D,推定,left_knee,37,146.8289762625947
3D,推定,left_knee,38,149.42094283515084
3D,推定,left_knee,39,149.13212903184103
3D,推定,left_knee,40,148.73820682418702
3D,推定,left_knee,41,146.91184420274894
3D,推定,left_knee,42,147.74204763727639
3D,推定,left_knee,43,147.36408325897662
3D,推定,left_knee,44,145.50980427984356
3D,推定,left_knee,45,145.4609517589189
3D,推定,left_knee,46,142.8700017841331
3D,推定,left_knee,47,142.88177942673852
3D,推定,left_knee,48,142.54462353465897
3D,推定,left_knee,49,144.4530210679144
3D,推定,left_knee,50,143.60329018878477
3D,推定,left_knee,51,144.0353154288067
3D,推定,left_knee,52,144.88068658855727
3D,推定,left_knee,53,144.8678970663896
3D,推定,left_knee,54,144.71332090063095
3D,推定,left_knee,55,144.93308609590713
3D,推定,left_knee,56,144.87179412246812
3D,推定,left_knee,57,145.3747451472948
3D,推定,left_knee,58,144.49317312506585
3D,推定,left_knee,59,144.24145476413452
3D,推定,left_knee,60,145.05207370374643
3D,推定,left_knee,61,144.9900847872202
3D,推定,left_knee,62,143.97187261402885
3D,推定,left_knee,63,143.50207345238113
3D,推定,left_knee,64,143.18932264432152
3D,推定,left_knee,65,143.03258431130868
3D,推定,left_knee,66,143.57877310972853
3D,推定,left_knee,67,143.8847733347443
3D,推定,left_knee,68,144.60906106889126
3D,推定,left_knee,69,145.65352453871813
3D,推定,left_knee,70,146.63369102648093
3D,推定,left_knee,71,145.49408620346682
3D,推定,left_knee,72,145.18497250398963
3D,推定,left_knee,73,144.31752389882953
3D,推定,left_knee,74,144.28026413808377
3D,推定,left_knee,75,144.16697819343602
3D,推定,left_knee,76,144.4091515770749
3D,推定,left_knee,77,144.83040491503556
3D,推定,left_knee,78,145.10564276788165
3D,推定,left_knee,79,145.91426738611557
3D,推定,left_knee,80,146.7607785301464
3D,推定,left_knee,81,147.39022899257867
3D,推定,left_knee,82,147.33732105688833
3D,推定,left_knee,83,147.62103010737255
3D,推定,left_knee,84,147.85101531133452
3D,推定,left_knee,85,147.5217380983547
3D,推定,left_knee,86,147.41283482601494
3D,推定,left_knee,87,147.44512625389004
3D,推定,left_knee,88,147.67561534468203
3D,推定,left_knee,89,147.61318842779343
3D,推定,left_knee,90,147.5868536996481
3D,推定,left_knee,91,147.34538874350042
3D,推定,left_knee,92,147.28230964875962
3D,推定,left_knee,93,147.34052936127057
3D,推定,left_knee,94,147.58091663729823
3D,推定,left_knee,95,147.6016813701902
3D,推定,left_knee,96,147.66590884354585
3D,推定,left_knee,97,147.9392555069258
3D,推定,left_knee,98,148.07735513097276
3D,推定,left_knee,99,148.08378308355097
3D,推定,left_knee,100,148.0241400711
3D,推定,left_knee,101,147.92169278955467
3D,推定,right_knee,1,37.79561482751634
3D,推定,right_knee,2,48.09147858820461
3D,推定,right_knee,3,41.02841036571542
3D,推定,right_knee,4,41.87914646864065
3D,推定,right_knee,5,39.688957598283125
3D,推定,right_knee,6,40.120069312752314
3D,推定,right_knee,7,39.96923918289783
3D,推定,right_knee,8,57.25051409530056
3D,推定,right_knee,9,72.81810414047101
3D,推定,right_knee,10,75.61833714907844
3D,推定,right_knee,11,72.78215931574879
3D,推定,right_knee,12,74.62022136971453
3D,推定,right_knee,13,74.34580632227639
3D,推定,right_knee,14,81.2688636463191
3D,推定,right_knee,15,79.64524712477807
3D,推定,right_knee,16,77.05157203662941
3D,推定,right_knee,17,72.01446297101
3D,推定,right_knee,18,73.56720846223759
3D,推定,right_knee,19,78.75095835597418
3D,推定,right_knee,20,74.36049420980858
3D,推定,right_knee,21,80.69643442462264
3D,推定,right_knee,22,89.32782264982683
3D,推定,right_knee,23,69.00772593492044
3D,推定,right_knee,24,41.16445214781249
3D,推定,right_knee,25,48.431230373822004
3D,推定,right_knee,26,43.08840816085639
3D,推定,right_knee,27,68.0337717376472
3D,推定,right_knee,28,92.60067963816465
3D,推定,right_knee,29,23.54892541982838
3D,推定,right_knee,30,21.83735122367945
3D,推定,right_knee,31,27.747651833527666
3D,推定,right_knee,32,63.60470515380869
3D,推定,right_knee,33,107.27896298366824
3D,推定,right_knee,34,122.87616743682842
3D,推定,right_knee,35,131.8432790735009
3D,推定,right_knee,36,128.1840403832468
3D,推定,right_knee,37,132.65940063797166
3D,推定,right_knee,38,138.5396206887548
3D,推定,right_knee,39,137.36214205043638
3D,推定,right_knee,40,137.9163284279611
3D,推定,right_knee,41,137.11228015676465
3D,推定,right_knee,42,137.73772232946175
3D,推定,right_knee,43,135.53972391548328
3D,推定,right_knee,44,135.16700883775337
3D,推定,right_knee,45,135.5729731167555
3D,推定,right_knee,46,134.98521165450953
3D,推定,right_knee,47,135.31246714493832
3D,推定,right_knee,48,134.49678913543462
3D,推定,right_knee,49,135.4139198599307
3D,推定,right_knee,50,135.58401336686532
3D,推定,right_knee,51,136.11988412893865
3D,推定,right_knee,52,136.78518130457735
3D,推定,right_knee,53,136.9462175341931
3D,推定,right_knee,54,137.50795611158796
3D,推定,right_knee,55,137.8386796010815
3D,推定,right_knee,56,138.0554095244808
3D,推定,right_knee,57,138.82621935292266
3D,推定,right_knee,58,139.53312587232162
3D,推定,right_knee,59,139.45118467395838
3D,推定,right_knee,60,140.3237358613675
3D,推定,right_knee,61,140.50833349496267
3D,推定,right_knee,62,140.595451161028
3D,推定,right_knee,63,140.81670097155057
3D,推定,right_knee,64,140.56088924416176
3D,推定,right_knee,65,140.50196961598178
3D,推定,right_knee,66,140.48215737302007
3D,推定,right_knee,67,140.62115425443847
3D,推定,right_knee,68,140.4929546390731
3D,推定,right_knee,69,141.30984733462964
3D,推定,right_knee,70,141.39524565035094
3D,推定,right_knee,71,141.17201351100923
3D,推定,right_knee,72,140.88484173577984
3D,推定,right_knee,73,140.84422602846413
3D,推定,right_knee,74,140.90125421202444
3D,推定,right_knee,75,140.4770355042843
3D,推定,right_knee,76,140.47989222590314
3D,推定,right_knee,77,140.7695316413037
3D,推定,right_knee,78,140.89638717875653
3D,推定,right_knee,79,140.69488816428142
3D,推定,right_knee,80,140.99190715114915
3D,推定,right_knee,81,141.23598356173466
3D,推定,right_knee,82,141.1587181426766
3D,推定,right_knee,83,141.14999036260008
3D,推定,right_knee,84,141.15237420306457
3D,推定,right_knee,85,141.11889459433206
3D,推定,right_knee,86,141.23522079450018
3D,推定,right_knee,87,141.35659559652785
3D,推定,right_knee,88,141.3958934466474
3D,推定,right_knee,89,141.4698309300523
3D,推定,right_knee,90,141.46419984382462
3D,推定,right_knee,91,141.432856858891
3D,推定,right_knee,92,141.37505337548436
3D,推定,right_knee,93,141.36600188139278
3D,推定,right_knee,94,141.3687890062047
3D,推定,right_knee,95,141.26422429484847
3D,推定,right_knee,96,141.35337769399496
3D,推定,right_knee,97,141.54860061554285
3D,推定,right_knee,98,141.5429988618969
3D,推定,right_knee,99,141.5932061251085
3D,推定,right_knee,100,141.6099436414892
3D,推定,right_knee,101,141.66196703496612
3D,正解,spine0,1,15.30646574964797
3D,正解,spine0,2,15.347871574520367
3D,正解,spine0,3,15.392967372538598
3D,正解,spine0,4,15.427704706983475
3D,正解,spine0,5,15.446941183300954
3D,正解,spine0,6,15.450868463115338
3D,正解,spine0,7,15.436566942686536
3D,正解,spine0,8,15.398347603844618
3D,正解,spine0,9,15.33432648628929
3D,正解,spine0,10,15.242050221175676
3D,正解,spine0,11,15.125564485459853
3D,正解,spine0,12,15.00231070611781
3D,正解,spine0,13,14.890432856097954
3D,正解,spine0,14,14.802521309840001
3D,正解,spine0,15,14.749836690559388
3D,正解,spine0,16,14.730607027679545
3D,正解,spine0,17,14.718755731578108
3D,正解,spine0,18,14.685771286422874
3D,正解,spine0,19,14.608053287686516
3D,正解,spine0,20,14.4680920351611
3D,正解,spine0,21,14.273616264662433
3D,正解,spine0,22,14.07458403419045
3D,正解,spine0,23,13.918406495408322
3D,正解,spine0,24,13.818743437313046
3D,正解,spine0,25,13.745373094754472
3D,正解,spine0,26,13.624444213221874
3D,正解,spine0,27,13.372242499115849
3D,正解,spine0,28,12.95087369706359
3D,正解,spine0,29,12.34844585417009
3D,正解,spine0,30,11.576234816637303
3D,正解,spine0,31,10.725778334438031
3D,正解,spine0,32,9.771348178082683
3D,正解,spine0,33,8.714593127724017
3D,正解,spine0,34,7.617770769835991
3D,正解,spine0,35,6.505518424887573
3D,正解,spine0,36,5.379910061062101
3D,正解,spine0,37,4.265633455038952
3D,正解,spine0,38,3.201726782536996
3D,正解,spine0,39,2.2582719626563867
3D,正解,spine0,40,1.443346592590354
3D,正解,spine0,41,0.8599074940961522
3D,正解,spine0,42,0.8697869403966201
3D,正解,spine0,43,1.2513128252518886
3D,正解,spine0,44,1.7102149264289457
3D,正解,spine0,45,2.1954675171298503
3D,正解,spine0,46,2.7475150907553094
3D,正解,spine0,47,3.39839294871924
3D,正解,spine0,48,4.12941252270934
3D,正解,spine0,49,4.904176041711562
3D,正解,spine0,50,5.611752515094194
3D,正解,spine0,51,6.143644963909534
3D,正解,spine0,52,6.433260188202621
3D,正解,spine0,53,6.474739248613998
3D,正解,spine0,54,6.296302971717354
3D,正解,spine0,55,5.958470686313949
3D,正解,spine0,56,5.535469945247053
3D,正解,spine0,57,5.09712168723184
3D,正解,spine0,58,4.69056222924207
3D,正解,spine0,59,4.327862104744619
3D,正解,spine0,60,3.9951944346825594
3D,正解,spine0,61,3.6774277673258817
3D,正解,spine0,62,3.3773919128804453
3D,正解,spine0,63,3.1204245498585843
3D,正解,spine0,64,2.94006519976326
3D,正解,spine0,65,2.87603709422831
3D,正解,spine0,66,2.9247257050434796
3D,正解,spine0,67,3.046193878997789
3D,正解,spine0,68,3.219097106630882
3D,正解,spine0,69,3.4450547876302804
3D,正解,spine0,70,3.7231540539376473
3D,正解,spine0,71,4.0599221909883
3D,正解,spine0,72,4.454282493111559
3D,正解,spine0,73,4.901913910584425
3D,正解,spine0,74,5.408408282504974
3D,正解,spine0,75,5.97439066621454
3D,正解,spine0,76,6.57477187517151
3D,正解,spine0,77,7.174679071801064
3D,正解,spine0,78,7.745999970012115
3D,正解,spine0,79,8.270517284380782
3D,正解,spine0,80,8.738701628385481
3D,正解,spine0,81,9.13736271929298
3D,正解,spine0,82,9.4520907000515
3D,正解,spine0,83,9.685510537727309
3D,正解,spine0,84,9.850088821153651
3D,正解,spine0,85,9.967462152137731
3D,正解,spine0,86,10.062127293056477
3D,正解,spine0,87,10.1457312856566
3D,正解,spine0,88,10.219903050266035
3D,正解,spine0,89,10.290738406473476
3D,正解,spine0,90,10.365633562135473
3D,正解,spine0,91,10.446211651651462
3D,正解,spine0,92,10.529113422423187
3D,正解,spine0,93,10.609240974688657
3D,正解,spine0,94,10.678112456270153
3D,正解,spine0,95,10.732250251305453
3D,正解,spine0,96,10.775353350703389
3D,正解,spine0,97,10.8090530178189
3D,正解,spine0,98,10.836915185837041
3D,正解,spine0,99,10.871196337233936
3D,正解,spine0,100,10.919314011086222
3D,正解,spine0,101,10.974247111248085
3D,正解,spine1,1,159.07847905585007
3D,正解,spine1,2,159.08002036491072
3D,正解,spine1,3,159.0788011572342
3D,正解,spine1,4,159.0815237597116
3D,正解,spine1,5,159.0872147085904
3D,正解,spine1,6,159.0968327383246
3D,正解,spine1,7,159.1129349120436
3D,正解,spine1,8,159.13645261504067
3D,正解,spine1,9,159.1715557947674
3D,正解,spine1,10,159.22161191799748
3D,正解,spine1,11,159.28350303833557
3D,正解,spine1,12,159.34496224627384
3D,正解,spine1,13,159.38874579722585
3D,正解,spine1,14,159.39706687998407
3D,正解,spine1,15,159.35976215416596
3D,正解,spine1,16,159.28543845964555
3D,正解,spine1,17,159.20847686212312
3D,正解,spine1,18,159.1790689018514
3D,正解,spine1,19,159.24838551336057
3D,正解,spine1,20,159.44659482576714
3D,正解,spine1,21,159.7760053505112
3D,正解,spine1,22,160.19693009062794
3D,正解,spine1,23,160.64374063893118
3D,正解,spine1,24,161.05371761987917
3D,正解,spine1,25,161.3811871457326
3D,正解,spine1,26,161.61669133316218
3D,正解,spine1,27,161.78770122548596
3D,正解,spine1,28,161.9321590447481
3D,正解,spine1,29,162.08683472441268
3D,正解,spine1,30,162.28142524182232
3D,正解,spine1,31,162.51218321174298
3D,正解,spine1,32,162.8197407440518
3D,正解,spine1,33,163.24332815001978
3D,正解,spine1,34,163.77835386414355
3D,正解,spine1,35,164.4202927923176
3D,正解,spine1,36,165.15626547402053
3D,正解,spine1,37,165.95701941272284
3D,正解,spine1,38,166.79949828232785
3D,正解,spine1,39,167.65629040493968
3D,正解,spine1,40,168.52980079583753
3D,正解,spine1,41,169.39585152690532
3D,正解,spine1,42,170.2204848068803
3D,正解,spine1,43,171.0516795009829
3D,正解,spine1,44,171.89771751256367
3D,正解,spine1,45,172.76464151852915
3D,正解,spine1,46,173.64682178435572
3D,正解,spine1,47,174.53145429908145
3D,正解,spine1,48,175.40778278431142
3D,正解,spine1,49,176.18258151303021
3D,正解,spine1,50,176.80720665027428
3D,正解,spine1,51,177.26120399829315
3D,正解,spine1,52,177.5583416433983
3D,正解,spine1,53,177.75566904446663
3D,正解,spine1,54,177.82634243269015
3D,正解,spine1,55,177.77113149873972
3D,正解,spine1,56,177.64406877833713
3D,正解,spine1,57,177.5071431405553
3D,正解,spine1,58,177.40537137715668
3D,正解,spine1,59,177.37339194230046
3D,正解,spine1,60,177.42703882868716
3D,正解,spine1,61,177.56435026551853
3D,正解,spine1,62,177.76776010908057
3D,正解,spine1,63,178.0207374575353
3D,正解,spine1,64,178.38195261587194
3D,正解,spine1,65,178.83055982977896
3D,正解,spine1,66,179.2658446731866
3D,正解,spine1,67,179.6683446314713
3D,正解,spine1,68,179.94299557441065
3D,正解,spine1,69,179.54284927030128
3D,正解,spine1,70,179.12797324744582
3D,正解,spine1,71,178.69657432693933
3D,正解,spine1,72,178.24586786043764
3D,正解,spine1,73,177.77542181853536
3D,正解,spine1,74,177.27578098470102
3D,正解,spine1,75,176.74058839355573
3D,正解,spine1,76,176.1876992104197
3D,正解,spine1,77,175.63910340665663
3D,正解,spine1,78,175.11371487705077
3D,正解,spine1,79,174.6338868717475
3D,正解,spine1,80,174.21957577462499
3D,正解,spine1,81,173.88862761953516
3D,正解,spine1,82,173.65155828565685
3D,正解,spine1,83,173.49280219538102
3D,正解,spine1,84,173.38600105395713
3D,正解,spine1,85,173.30584545544883
3D,正解,spine1,86,173.2298904806714
3D,正解,spine1,87,173.14626373191314
3D,正解,spine1,88,173.05655199054607
3D,正解,spine1,89,172.96070205567395
3D,正解,spine1,90,172.85803975664487
3D,正解,spine1,91,172.75684655908788
3D,正解,spine1,92,172.66104457324423
3D,正解,spine1,93,172.5681904980792
3D,正解,spine1,94,172.48299221211764
3D,正解,spine1,95,172.40507480311527
3D,正解,spine1,96,172.32781680989578
3D,正解,spine1,97,172.250467763957
3D,正解,spine1,98,172.17182297889744
3D,正解,spine1,99,172.08464248745528
3D,正解,spine1,100,171.99191799606746
3D,正解,spine1,101,171.90553283789507
3D,正解,spine2,1,168.98668276483895
3D,正解,spine2,2,168.98645621544878
3D,正解,spine2,3,168.9832045758751
3D,正解,spine2,4,168.97795246733858
3D,正解,spine2,5,168.97575598765852
3D,正解,spine2,6,168.9742797681249
3D,正解,spine2,7,168.97539662117836
3D,正解,spine2,8,168.98268417851796
3D,正解,spine2,9,168.99835639964692
3D,正解,spine2,10,169.02568683634146
3D,正解,spine2,11,169.06254027211807
3D,正解,spine2,12,169.10183628363492
3D,正解,spine2,13,169.13410082803264
3D,正解,spine2,14,169.1503262631662
3D,正解,spine2,15,169.14468106696884
3D,正解,spine2,16,169.12144314628154
3D,正解,spine2,17,169.09616295443323
3D,正解,spine2,18,169.0913894308412
3D,正解,spine2,19,169.12915403295776
3D,正解,spine2,20,169.22248395713893
3D,正解,spine2,21,169.37077798411764
3D,正解,spine2,22,169.5545975901739
3D,正解,spine2,23,169.7458179427103
3D,正解,spine2,24,169.92013848850553
3D,正解,spine2,25,170.06478355749013
3D,正解,spine2,26,170.18242144878965
3D,正解,spine2,27,170.28648125004986
3D,正解,spine2,28,170.39344156900256
3D,正解,spine2,29,170.51970902834506
3D,正解,spine2,30,170.6793962166562
3D,正解,spine2,31,170.88485220889456
3D,正解,spine2,32,171.13757867514414
3D,正解,spine2,33,171.42687876463046
3D,正解,spine2,34,171.73247779637188
3D,正解,spine2,35,172.04120253158794
3D,正解,spine2,36,172.3507028428791
3D,正解,spine2,37,172.66597803333897
3D,正解,spine2,38,172.99483488326308
3D,正解,spine2,39,173.34361013017676
3D,正解,spine2,40,173.7075481115535
3D,正解,spine2,41,174.08460238646416
3D,正解,spine2,42,174.4703770615946
3D,正解,spine2,43,174.84904103543892
3D,正解,spine2,44,175.21665067652364
3D,正解,spine2,45,175.57320581135872
3D,正解,spine2,46,175.9196012398644
3D,正解,spine2,47,176.25439155075432
3D,正解,spine2,48,176.57103890852954
3D,正解,spine2,49,176.8661252201058
3D,正解,spine2,50,177.12882085156275
3D,正解,spine2,51,177.3449108314141
3D,正解,spine2,52,177.5011216901622
3D,正解,spine2,53,177.58945911092195
3D,正解,spine2,54,177.6115419820788
3D,正解,spine2,55,177.58509264546785
3D,正解,spine2,56,177.5363697488422
3D,正解,spine2,57,177.4905586547398
3D,正解,spine2,58,177.4647622929788
3D,正解,spine2,59,177.4644527237989
3D,正解,spine2,60,177.48643077636947
3D,正解,spine2,61,177.52341568548655
3D,正解,spine2,62,177.56944563205454
3D,正解,spine2,63,177.6256668175501
3D,正解,spine2,64,177.6986188095024
3D,正解,spine2,65,177.79144521921094
3D,正解,spine2,66,177.9025710920327
3D,正解,spine2,67,178.0327637976131
3D,正解,spine2,68,178.1808406079284
3D,正解,spine2,69,178.34245730891865
3D,正解,spine2,70,178.51291861431127
3D,正解,spine2,71,178.68992555254155
3D,正解,spine2,72,178.87145861893
3D,正解,spine2,73,179.05702173017846
3D,正解,spine2,74,179.24662257648671
3D,正解,spine2,75,179.44001624592866
3D,正解,spine2,76,179.63153710127358
3D,正解,spine2,77,179.79384085209927
3D,正解,spine2,78,179.82279379571494
3D,正解,spine2,79,179.70536151754445
3D,正解,spine2,80,179.57387950749114
3D,正解,spine2,81,179.4668140431343
3D,正解,spine2,82,179.39004831502447
3D,正解,spine2,83,179.3403022155094
3D,正解,spine2,84,179.31089603284093
3D,正解,spine2,85,179.2925866707747
3D,正解,spine2,86,179.27924517005704
3D,正解,spine2,87,179.26878892475784
3D,正解,spine2,88,179.2587233441408
3D,正解,spine2,89,179.24774379744645
3D,正解,spine2,90,179.23570401769703
3D,正解,spine2,91,179.2221108831415
3D,正解,spine2,92,179.20846546605063
3D,正解,spine2,93,179.19646707834977
3D,正解,spine2,94,179.1859531839334
3D,正解,spine2,95,179.17673021314212
3D,正解,spine2,96,179.16748011775505
3D,正解,spine2,97,179.15564415165247
3D,正解,spine2,98,179.14137637421808
3D,正解,spine2,99,179.12408214667084
3D,正解,spine2,100,179.10203220736008
3D,正解,spine2,101,179.07878542542298
3D,正解,spine3,1,165.47175384361927
3D,正解,spine3,2,165.4708186147479
3D,正解,spine3,3,165.46586186715373
3D,正解,spine3,4,165.46307922187668
3D,正解,spine3,5,165.4633397635389
3D,正解,spine3,6,165.46521706795994
3D,正解,spine3,7,165.47045329630495
3D,正解,spine3,8,165.48402113131652
3D,正解,spine3,9,165.50858955320672
3D,正解,spine3,10,165.54659520816546
3D,正解,spine3,11,165.5957593095767
3D,正解,spine3,12,165.6466189323782
3D,正解,spine3,13,165.68660414026434
3D,正解,spine3,14,165.70264574222435
3D,正解,spine3,15,165.68772420755428
3D,正解,spine3,16,165.6473392109711
3D,正解,spine3,17,165.6041042378792
3D,正解,spine3,18,165.5907481803964
3D,正解,spine3,19,165.63945857885344
3D,正解,spine3,20,165.77032466674427
3D,正解,spine3,21,165.98302404883688
3D,正解,spine3,22,166.25108455489527
3D,正解,spine3,23,166.53448687255883
3D,正解,spine3,24,166.79665850602245
3D,正解,spine3,25,167.01392704532384
3D,正解,spine3,26,167.18533759850806
3D,正解,spine3,27,167.32900706824452
3D,正解,spine3,28,167.46985517425063
3D,正解,spine3,29,167.6335491428532
3D,正解,spine3,30,167.84262352430213
3D,正解,spine3,31,168.11371669137657
3D,正解,spine3,32,168.45425071566342
3D,正解,spine3,33,168.8543112780161
3D,正解,spine3,34,169.28663634532282
3D,正解,spine3,35,169.73146738782737
3D,正解,spine3,36,170.1826378008818
3D,正解,spine3,37,170.6433877750408
3D,正解,spine3,38,171.12383635820117
3D,正解,spine3,39,171.63186911205375
3D,正解,spine3,40,172.1628822141951
3D,正解,spine3,41,172.7120221387418
3D,正解,spine3,42,173.26836366034198
3D,正解,spine3,43,173.81644569207052
3D,正解,spine3,44,174.35295078662992
3D,正解,spine3,45,174.8782303918081
3D,正解,spine3,46,175.39268641439014
3D,正解,spine3,47,175.89201489036103
3D,正解,spine3,48,176.36780477066773
3D,正解,spine3,49,176.79745121735465
3D,正解,spine3,50,177.16014437038731
3D,正解,spine3,51,177.4438603183395
3D,正解,spine3,52,177.6476842902542
3D,正解,spine3,53,177.78200833864506
3D,正解,spine3,54,177.8417383615322
3D,正解,spine3,55,177.83780193102703
3D,正解,spine3,56,177.80001322135388
3D,正解,spine3,57,177.7627513102088
3D,正解,spine3,58,177.7531760483407
3D,正解,spine3,59,177.78507292493802
3D,正解,spine3,60,177.8580185170773
3D,正解,spine3,61,177.96109084760516
3D,正解,spine3,62,178.08140877100075
3D,正解,spine3,63,178.21344744497225
3D,正解,spine3,64,178.35371303325988
3D,正解,spine3,65,178.49732857489934
3D,正解,spine3,66,178.6484797654342
3D,正解,spine3,67,178.81702447498265
3D,正解,spine3,68,179.00684608498662
3D,正解,spine3,69,179.21059092222762
3D,正解,spine3,70,179.41589123304033
3D,正解,spine3,71,179.58923854355953
3D,正解,spine3,72,179.63354705462385
3D,正解,spine3,73,179.49438138962975
3D,正解,spine3,74,179.26075715512096
3D,正解,spine3,75,178.99018237494434
3D,正解,spine3,76,178.7056609707825
3D,正解,spine3,77,178.42104795884651
3D,正解,spine3,78,178.14885053437573
3D,正解,spine3,79,177.90209204244363
3D,正解,spine3,80,177.69261841288852
3D,正解,spine3,81,177.52961147461198
3D,正解,spine3,82,177.41571934268256
3D,正解,spine3,83,177.3431399744057
3D,正解,spine3,84,177.29852990593582
3D,正解,spine3,85,177.26654566695626
3D,正解,spine3,86,177.23560127774988
3D,正解,spine3,87,177.2014901057185
3D,正解,spine3,88,177.1644380103292
3D,正解,spine3,89,177.12566056978528
3D,正解,spine3,90,177.08649685103197
3D,正解,spine3,91,177.04947188277853
3D,正解,spine3,92,177.01691242918545
3D,正解,spine3,93,176.98931798423385
3D,正解,spine3,94,176.9671741201924
3D,正解,spine3,95,176.9491192019261
3D,正解,spine3,96,176.9314951627106
3D,正解,spine3,97,176.9116426588043
3D,正解,spine3,98,176.8883048335099
3D,正解,spine3,99,176.85890412119463
3D,正解,spine3,100,176.82299446999824
3D,正解,spine3,101,176.78584386041408
3D,正解,spine4,1,171.21765339914722
3D,正解,spine4,2,171.16881380907293
3D,正解,spine4,3,171.1358616748697
3D,正解,spine4,4,171.11603493222304
3D,正解,spine4,5,171.1002680759606
3D,正解,spine4,6,171.08035561943828
3D,正解,spine4,7,171.05034591164605
3D,正解,spine4,8,171.01098050759737
3D,正解,spine4,9,170.96546970710097
3D,正解,spine4,10,170.918183324748
3D,正解,spine4,11,170.87216579862334
3D,正解,spine4,12,170.83197002921546
3D,正解,spine4,13,170.79770021516705
3D,正解,spine4,14,170.75997213845264
3D,正解,spine4,15,170.71089405622268
3D,正解,spine4,16,170.65626219877052
3D,正解,spine4,17,170.61911063073242
3D,正解,spine4,18,170.63573696576074
3D,正解,spine4,19,170.75411965329965
3D,正解,spine4,20,171.02482126007538
3D,正解,spine4,21,171.4572013242064
3D,正解,spine4,22,171.98717240679264
3D,正解,spine4,23,172.49311511860483
3D,正解,spine4,24,172.84935234417446
3D,正解,spine4,25,172.96631424623757
3D,正解,spine4,26,172.81804792280323
3D,正解,spine4,27,172.43920517645265
3D,正解,spine4,28,171.89704961492163
3D,正解,spine4,29,171.27778309659521
3D,正解,spine4,30,170.68481200255977
3D,正解,spine4,31,170.22276304699923
3D,正解,spine4,32,169.96721032840318
3D,正解,spine4,33,169.93689391032328
3D,正解,spine4,34,170.09154571013298
3D,正解,spine4,35,170.3599532418515
3D,正解,spine4,36,170.67418135320023
3D,正解,spine4,37,170.9901336503515
3D,正解,spine4,38,171.29004916124686
3D,正解,spine4,39,171.57492350705917
3D,正解,spine4,40,171.8579218159293
3D,正解,spine4,41,172.15790159695234
3D,正解,spine4,42,172.4878648831268
3D,正解,spine4,43,172.84532019608255
3D,正解,spine4,44,173.20757635505342
3D,正解,spine4,45,173.5368856826419
3D,正解,spine4,46,173.8006067990891
3D,正解,spine4,47,173.98264566658216
3D,正解,spine4,48,174.0830256321573
3D,正解,spine4,49,174.11913033641494
3D,正解,spine4,50,174.12588165032093
3D,正解,spine4,51,174.14468792038215
3D,正解,spine4,52,174.2146588045621
3D,正解,spine4,53,174.36498161676573
3D,正解,spine4,54,174.60170766135698
3D,正解,spine4,55,174.89847029231103
3D,正解,spine4,56,175.20848440636357
3D,正解,spine4,57,175.49555969788605
3D,正解,spine4,58,175.74911207785692
3D,正解,spine4,59,175.97940548565134
3D,正解,spine4,60,176.20701648988603
3D,正解,spine4,61,176.45178730131607
3D,正解,spine4,62,176.71803735565229
3D,正解,spine4,63,176.9799999014439
3D,正解,spine4,64,177.2027430024528
3D,正解,spine4,65,177.3785976515328
3D,正解,spine4,66,177.5248531450641
3D,正解,spine4,67,177.66141428181035
3D,正解,spine4,68,177.79954538132245
3D,正解,spine4,69,177.93449645328505
3D,正解,spine4,70,178.05371408928883
3D,正解,spine4,71,178.14571040055378
3D,正解,spine4,72,178.19488022872727
3D,正解,spine4,73,178.1923068719942
3D,正解,spine4,74,178.1500688025713
3D,正解,spine4,75,178.08518089611357
3D,正解,spine4,76,178.00544306882497
3D,正解,spine4,77,177.9131938485661
3D,正解,spine4,78,177.80769316762567
3D,正解,spine4,79,177.6919124668517
3D,正解,spine4,80,177.5748446245831
3D,正解,spine4,81,177.46313306983802
3D,正解,spine4,82,177.35872613406502
3D,正解,spine4,83,177.26296864573024
3D,正解,spine4,84,177.17679413140243
3D,正解,spine4,85,177.10606661878722
3D,正解,spine4,86,177.059148375657
3D,正解,spine4,87,177.03700643028162
3D,正解,spine4,88,177.03126620012426
3D,正解,spine4,89,177.03124949169904
3D,正解,spine4,90,177.03250227368264
3D,正解,spine4,91,177.03375966589508
3D,正解,spine4,92,177.03912508574393
3D,正解,spine4,93,177.05467394372195
3D,正解,spine4,94,177.08462323008987
3D,正解,spine4,95,177.1323562633735
3D,正解,spine4,96,177.19887138377482
3D,正解,spine4,97,177.28213014877053
3D,正解,spine4,98,177.3756553634655
3D,正解,spine4,99,177.47236368744055
3D,正解,spine4,100,177.5661255110893
3D,正解,spine4,101,177.6505890159735
3D,正解,left_elbow,1,87.22204840961075
3D,正解,left_elbow,2,87.18446482471956
3D,正解,left_elbow,3,87.13627462875584
3D,正解,left_elbow,4,87.07584881252387
3D,正解,left_elbow,5,87.00187643046404
3D,正解,left_elbow,6,86.9170461970664
3D,正解,left_elbow,7,86.82801336060741
3D,正解,left_elbow,8,86.75385592195494
3D,正解,left_elbow,9,86.72917071038472
3D,正解,left_elbow,10,86.78824301533193
3D,正解,left_elbow,11,86.95286859655813
3D,正解,left_elbow,12,87.23369556856434
3D,正解,left_elbow,13,87.63194372821378
3D,正解,left_elbow,14,88.13354208662261
3D,正解,left_elbow,15,88.7065781528752
3D,正解,left_elbow,16,89.30974014744191
3D,正解,left_elbow,17,89.91034655556341
3D,正解,left_elbow,18,90.50615648780541
3D,正解,left_elbow,19,91.14085710703542
3D,正解,left_elbow,20,91.8882859536379
3D,正解,left_elbow,21,92.85316538915515
3D,正解,left_elbow,22,94.1175072227711
3D,正解,left_elbow,23,95.75191744054624
3D,正解,left_elbow,24,97.7765837724817
3D,正解,left_elbow,25,100.10350494023588
3D,正解,left_elbow,26,102.56477315859249
3D,正解,left_elbow,27,104.9446151664567
3D,正解,left_elbow,28,107.003158197245
3D,正解,left_elbow,29,108.55768124762207
3D,正解,left_elbow,30,109.5553664246706
3D,正解,left_elbow,31,110.03090226831391
3D,正解,left_elbow,32,110.19926895139524
3D,正解,left_elbow,33,110.18859954661775
3D,正解,left_elbow,34,110.07893273951306
3D,正解,left_elbow,35,109.92619770438246
3D,正解,left_elbow,36,109.7718151225735
3D,正解,left_elbow,37,109.61625525097756
3D,正解,left_elbow,38,109.45206505559348
3D,正解,left_elbow,39,109.2698360747075
3D,正解,left_elbow,40,109.14451676002867
3D,正解,left_elbow,41,109.0521052445676
3D,正解,left_elbow,42,108.8960517240609
3D,正解,left_elbow,43,108.76570836885226
3D,正解,left_elbow,44,108.59881290978761
3D,正解,left_elbow,45,108.33896774941547
3D,正解,left_elbow,46,107.96820876291298
3D,正解,left_elbow,47,107.53978953737224
3D,正解,left_elbow,48,107.17563526283445
3D,正解,left_elbow,49,106.8627188741273
3D,正解,left_elbow,50,106.66411015813298
3D,正解,left_elbow,51,106.65425996719964
3D,正解,left_elbow,52,106.84607871434822
3D,正解,left_elbow,53,107.16779260019213
3D,正解,left_elbow,54,107.47319539561161
3D,正解,left_elbow,55,107.64296208274963
3D,正解,left_elbow,56,107.66136974438632
3D,正解,left_elbow,57,107.57592505844897
3D,正解,left_elbow,58,107.43939613615883
3D,正解,left_elbow,59,107.31220682572182
3D,正解,left_elbow,60,107.23948950279771
3D,正解,left_elbow,61,107.23562768128605
3D,正解,left_elbow,62,107.28370784570379
3D,正解,left_elbow,63,107.37141649076563
3D,正解,left_elbow,64,107.49994526305238
3D,正解,left_elbow,65,107.68966075105774
3D,正解,left_elbow,66,107.96836116780355
3D,正解,left_elbow,67,108.35146045440035
3D,正解,left_elbow,68,108.8650682990561
3D,正解,left_elbow,69,109.52803380832539
3D,正解,left_elbow,70,110.31200380045756
3D,正解,left_elbow,71,111.1969262231359
3D,正解,left_elbow,72,112.18639345794183
3D,正解,left_elbow,73,113.27493386345417
3D,正解,left_elbow,74,114.45839374753268
3D,正解,left_elbow,75,115.72466863433088
3D,正解,left_elbow,76,117.05015307717895
3D,正解,left_elbow,77,118.44412770765399
3D,正解,left_elbow,78,119.93313537541209
3D,正解,left_elbow,79,121.50390732851355
3D,正解,left_elbow,80,123.08917981596831
3D,正解,left_elbow,81,124.56583202744925
3D,正解,left_elbow,82,125.78802299100748
3D,正解,left_elbow,83,126.6708318541269
3D,正解,left_elbow,84,127.19600701235784
3D,正解,left_elbow,85,127.39109029574428
3D,正解,left_elbow,86,127.33015582248207
3D,正解,left_elbow,87,127.11171272934045
3D,正解,left_elbow,88,126.81751338214649
3D,正解,left_elbow,89,126.52004704410857
3D,正解,left_elbow,90,126.27721822315739
3D,正解,left_elbow,91,126.10849796197581
3D,正解,left_elbow,92,126.02462224941831
3D,正解,left_elbow,93,126.03320806714953
3D,正解,left_elbow,94,126.1036471676432
3D,正解,left_elbow,95,126.19663541089618
3D,正解,left_elbow,96,126.28965660880574
3D,正解,left_elbow,97,126.36203457679296
3D,正解,left_elbow,98,126.4119143962602
3D,正解,left_elbow,99,126.4647089986234
3D,正解,left_elbow,100,126.52504748622768
3D,正解,left_elbow,101,126.57551342031952
3D,正解,right_elbow,1,73.30162796752482
3D,正解,right_elbow,2,73.3006503829923
3D,正解,right_elbow,3,73.3062242604663
3D,正解,right_elbow,4,73.31701508702089
3D,正解,right_elbow,5,73.32745308123512
3D,正解,right_elbow,6,73.33516778492536
3D,正解,right_elbow,7,73.34987477915936
3D,正解,right_elbow,8,73.40211065757211
3D,正解,right_elbow,9,73.54314094112961
3D,正解,right_elbow,10,73.82092510907178
3D,正解,right_elbow,11,74.24266309850255
3D,正解,right_elbow,12,74.77058739921864
3D,正解,right_elbow,13,75.36021062435327
3D,正解,right_elbow,14,75.96838293109525
3D,正解,right_elbow,15,76.54436092700816
3D,正解,right_elbow,16,77.06850050624494
3D,正解,right_elbow,17,77.586217931006
3D,正解,right_elbow,18,78.17992883079748
3D,正解,right_elbow,19,78.97453398715203
3D,正解,right_elbow,20,80.11123554079528
3D,正解,right_elbow,21,81.73738032220804
3D,正解,right_elbow,22,83.92128381666775
3D,正解,right_elbow,23,86.6783188908985
3D,正解,right_elbow,24,89.97686424630564
3D,正解,right_elbow,25,93.70400363406624
3D,正解,right_elbow,26,97.73896374287524
3D,正解,right_elbow,27,101.95281608921015
3D,正解,right_elbow,28,106.23000733264195
3D,正解,right_elbow,29,110.45522884276696
3D,正解,right_elbow,30,114.49531301275938
3D,正解,right_elbow,31,118.21007257446446
3D,正解,right_elbow,32,121.39822399816737
3D,正解,right_elbow,33,123.85801150730587
3D,正解,right_elbow,34,125.52283107031988
3D,正解,right_elbow,35,126.43191516399615
3D,正解,right_elbow,36,126.74872434958476
3D,正解,right_elbow,37,126.70676062223636
3D,正解,right_elbow,38,126.51234865430533
3D,正解,right_elbow,39,126.32279705557396
3D,正解,right_elbow,40,126.20677767026667
3D,正解,right_elbow,41,126.17489195070486
3D,正解,right_elbow,42,126.17484081584392
3D,正解,right_elbow,43,126.09635406584464
3D,正解,right_elbow,44,125.85559553950382
3D,正解,right_elbow,45,125.39365878136809
3D,正解,right_elbow,46,124.6929330801451
3D,正解,right_elbow,47,123.78256116230119
3D,正解,right_elbow,48,122.73476592133724
3D,正解,right_elbow,49,121.67577260488643
3D,正解,right_elbow,50,120.73068116227118
3D,正解,right_elbow,51,120.01091828987535
3D,正解,right_elbow,52,119.57653986051133
3D,正解,right_elbow,53,119.38988461152067
3D,正解,right_elbow,54,119.44303147861137
3D,正解,right_elbow,55,119.6540219065782
3D,正解,right_elbow,56,119.92246512954893
3D,正解,right_elbow,57,120.17080446836904
3D,正解,right_elbow,58,120.33843035895256
3D,正解,right_elbow,59,120.39023560436975
3D,正解,right_elbow,60,120.32985953360168
3D,正解,right_elbow,61,120.23053740347306
3D,正解,right_elbow,62,120.14538593220342
3D,正解,right_elbow,63,119.9500069418548
3D,正解,right_elbow,64,119.53152474795304
3D,正解,right_elbow,65,119.02933006960964
3D,正解,right_elbow,66,118.66538440206809
3D,正解,right_elbow,67,118.49961787421418
3D,正解,right_elbow,68,118.52445356659335
3D,正解,right_elbow,69,118.74351306093655
3D,正解,right_elbow,70,119.24315160269484
3D,正解,right_elbow,71,120.0111653098234
3D,正解,right_elbow,72,121.05474852307636
3D,正解,right_elbow,73,122.4153301499326
3D,正解,right_elbow,74,124.06721505762974
3D,正解,right_elbow,75,125.86198245161226
3D,正解,right_elbow,76,127.767357937599
3D,正解,right_elbow,77,129.8575961574214
3D,正解,right_elbow,78,132.14402240851152
3D,正解,right_elbow,79,134.5476652069525
3D,正解,right_elbow,80,136.9121011763965
3D,正解,right_elbow,81,139.13889708298268
3D,正解,right_elbow,82,141.22376975477388
3D,正解,right_elbow,83,143.05540322199855
3D,正解,right_elbow,84,144.5153875730871
3D,正解,right_elbow,85,145.50981170048917
3D,正解,right_elbow,86,146.00945980202377
3D,正解,right_elbow,87,146.18340630165102
3D,正解,right_elbow,88,146.28997398878656
3D,正解,right_elbow,89,146.3850956129497
3D,正解,right_elbow,90,146.38441230522787
3D,正解,right_elbow,91,146.3194537544963
3D,正解,right_elbow,92,146.22333369519663
3D,正解,right_elbow,93,146.07576231825462
3D,正解,right_elbow,94,145.97318884220672
3D,正解,right_elbow,95,145.94338792291
3D,正解,right_elbow,96,145.88802592705665
3D,正解,right_elbow,97,145.8097330716232
3D,正解,right_elbow,98,145.73328000745062
3D,正解,right_elbow,99,145.48206537904343
3D,正解,right_elbow,100,144.94708506149178
3D,正解,right_elbow,101,144.30342770937006
3D,正解,left_knee,1,76.30800539752529
3D,正解,left_knee,2,76.25145011239039
3D,正解,left_knee,3,76.17874140344898
3D,正解,left_knee,4,76.08699706828911
3D,正解,left_knee,5,75.96746458801783
3D,正解,left_knee,6,75.81413417127538
3D,正解,left_knee,7,75.62312617197387
3D,正解,left_knee,8,75.39301020743082
3D,正解,left_knee,9,75.13207807598755
3D,正解,left_knee,10,74.84898328149978
3D,正解,left_knee,11,74.5544082637643
3D,正解,left_knee,12,74.25883805210236
3D,正解,left_knee,13,73.96767552326804
3D,正解,left_knee,14,73.68037803203171
3D,正解,left_knee,15,73.38977441676475
3D,正解,left_knee,16,73.08571274976511
3D,正解,left_knee,17,72.76180929545666
3D,正解,left_knee,18,72.4176078372828
3D,正解,left_knee,19,72.06065340257612
3D,正解,left_knee,20,71.70715541453642
3D,正解,left_knee,21,71.38645059604711
3D,正解,left_knee,22,71.12988551128225
3D,正解,left_knee,23,70.97617550204369
3D,正解,left_knee,24,70.97779842700146
3D,正解,left_knee,25,71.18317615592592
3D,正解,left_knee,26,71.63958280459333
3D,正解,left_knee,27,72.3818868511888
3D,正解,left_knee,28,73.43513294521449
3D,正解,left_knee,29,74.79580594924778
3D,正解,left_knee,30,76.43765217688397
3D,正解,left_knee,31,78.32818695577409
3D,正解,left_knee,32,80.42213727283077
3D,正解,left_knee,33,82.66985682794399
3D,正解,left_knee,34,85.0266242993345
3D,正解,left_knee,35,87.43074498872241
3D,正解,left_knee,36,89.83302261461652
3D,正解,left_knee,37,92.20182584488096
3D,正解,left_knee,38,94.50688857640115
3D,正解,left_knee,39,96.72488800546272
3D,正解,left_knee,40,98.84483232630137
3D,正解,left_knee,41,100.87268756551732
3D,正解,left_knee,42,102.82224023241626
3D,正解,left_knee,43,104.76715079800562
3D,正解,left_knee,44,106.76802477765698
3D,正解,left_knee,45,108.87989868933374
3D,正解,left_knee,46,111.135939792443
3D,正解,left_knee,47,113.54403523800259
3D,正解,left_knee,48,116.0869106315314
3D,正解,left_knee,49,118.70308371666131
3D,正解,left_knee,50,121.35071599144672
3D,正解,left_knee,51,124.01252164230634
3D,正解,left_knee,52,126.68320993849905
3D,正解,left_knee,53,129.3523809694307
3D,正解,left_knee,54,132.0408573598111
3D,正解,left_knee,55,134.71138633840692
3D,正解,left_knee,56,137.2957549918464
3D,正解,left_knee,57,139.7215497045233
3D,正解,left_knee,58,141.90689904357242
3D,正解,left_knee,59,143.79309794078938
3D,正解,left_knee,60,145.35668751657295
3D,正解,left_knee,61,146.6047620654784
3D,正解,left_knee,62,147.57961648823402
3D,正解,left_knee,63,148.34505332843884
3D,正解,left_knee,64,148.81583156266603
3D,正解,left_knee,65,149.04498001152785
3D,正解,left_knee,66,149.22009697166342
3D,正解,left_knee,67,149.39220275770128
3D,正解,left_knee,68,149.59668997208092
3D,正解,left_knee,69,149.85550638386636
3D,正解,left_knee,70,150.17103010267212
3D,正解,left_knee,71,150.5510195910785
3D,正解,left_knee,72,150.98846669830226
3D,正解,left_knee,73,151.45798006678768
3D,正解,left_knee,74,151.94505591413963
3D,正解,left_knee,75,152.43744166364183
3D,正解,left_knee,76,152.90993553302883
3D,正解,left_knee,77,153.34899066066907
3D,正解,left_knee,78,153.7522704326727
3D,正解,left_knee,79,154.1196169007441
3D,正解,left_knee,80,154.4539151552786
3D,正解,left_knee,81,154.75153108485267
3D,正解,left_knee,82,155.00548423645978
3D,正解,left_knee,83,155.21999991501818
3D,正解,left_knee,84,155.4030216495757
3D,正解,left_knee,85,155.55763899529515
3D,正解,left_knee,86,155.6864741404444
3D,正解,left_knee,87,155.78637684674695
3D,正解,left_knee,88,155.8471042109426
3D,正解,left_knee,89,155.86632660888273
3D,正解,left_knee,90,155.85710824233394
3D,正解,left_knee,91,155.82116253170537
3D,正解,left_knee,92,155.76346103020788
3D,正解,left_knee,93,155.68593021260264
3D,正解,left_knee,94,155.587487974074
3D,正解,left_knee,95,155.47064065515335
3D,正解,left_knee,96,155.34464401711253
3D,正解,left_knee,97,155.21088828923678
3D,正解,left_knee,98,155.07175901000005
3D,正解,left_knee,99,154.94107577042166
3D,正解,left_knee,100,154.82757405555452
3D,正解,left_knee,101,154.73307809502018
3D,正解,right_knee,1,47.638881183639924
3D,正解,right_knee,2,47.60501397158924
3D,正解,right_knee,3,47.57735440215438
3D,正解,right_knee,4,47.55785959663903
3D,正解,right_knee,5,47.546364475142376
3D,正解,right_knee,6,47.541905064909834
3D,正解,right_knee,7,47.539858488178595
3D,正解,right_knee,8,47.53987504811087
3D,正解,right_knee,9,47.541233217475884
3D,正解,right_knee,10,47.543484553946534
3D,正解,right_knee,11,47.5459678892904
3D,正解,right_knee,12,47.549167603518406
3D,正解,right_knee,13,47.552877105140716
3D,正解,right_knee,14,47.560051715621
3D,正解,right_knee,15,47.584417739635654
3D,正解,right_knee,16,47.64480252942824
3D,正解,right_knee,17,47.77037755030415
3D,正解,right_knee,18,48.00084430876251
3D,正解,right_knee,19,48.384577316457936
3D,正解,right_knee,20,48.972801460988016
3D,正解,right_knee,21,49.804417926458314
3D,正解,right_knee,22,50.892254475150146
3D,正解,right_knee,23,52.234691342943044
3D,正解,right_knee,24,53.81316487140077
3D,正解,right_knee,25,55.6053886569152
3D,正解,right_knee,26,57.614894587102256
3D,正解,right_knee,27,59.87252162761185
3D,正解,right_knee,28,62.41292450233128
3D,正解,right_knee,29,65.25806286242916
3D,正解,right_knee,30,68.39640093804364
3D,正解,right_knee,31,71.74938348313792
3D,正解,right_knee,32,75.33648700493109
3D,正解,right_knee,33,79.06759061204622
3D,正解,right_knee,34,82.98578923212757
3D,正解,right_knee,35,87.10247735301361
3D,正解,right_knee,36,91.397221633235
3D,正解,right_knee,37,95.85440145017782
3D,正解,right_knee,38,100.4520530236979
3D,正解,right_knee,39,105.11965707400037
3D,正解,right_knee,40,109.90397574238763
3D,正解,right_knee,41,114.80875866345455
3D,正解,right_knee,42,119.45747400872371
3D,正解,right_knee,43,124.26562628273774
3D,正解,right_knee,44,129.2773249249056
3D,正解,right_knee,45,134.46369007492333
3D,正解,right_knee,46,139.7452278564269
3D,正解,right_knee,47,145.06298828914677
3D,正解,right_knee,48,150.2180482147751
3D,正解,right_knee,49,154.69647398615126
3D,正解,right_knee,50,157.6437272049841
3D,正解,right_knee,51,159.07635693034013
3D,正解,right_knee,52,159.4541686237561
3D,正解,right_knee,53,159.26088651299045
3D,正解,right_knee,54,158.90532687297625
3D,正解,right_knee,55,158.58387895388762
3D,正解,right_knee,56,158.3272993785891
3D,正解,right_knee,57,158.19591800559564
3D,正解,right_knee,58,158.14556163039583
3D,正解,right_knee,59,158.12742564198885
3D,正解,right_knee,60,158.18697844608602
3D,正解,right_knee,61,158.36830474246742
3D,正解,right_knee,62,158.7152549226442
3D,正解,right_knee,63,158.52485128283385
3D,正解,right_knee,64,158.5130833873247
3D,正解,right_knee,65,158.74839983614672
3D,正解,right_knee,66,159.12719255811282
3D,正解,right_knee,67,159.3703764847468
3D,正解,right_knee,68,159.5024886814615
3D,正解,right_knee,69,159.53654333750458
3D,正解,right_knee,70,158.95153732976254
3D,正解,right_knee,71,158.19896464974627
3D,正解,right_knee,72,157.56205068300287
3D,正解,right_knee,73,157.07127572626547
3D,正解,right_knee,74,156.7572340997961
3D,正解,right_knee,75,156.60547014430452
3D,正解,right_knee,76,156.5543813276919
3D,正解,right_knee,77,156.55231059455934
3D,正解,right_knee,78,156.57231833489524
3D,正解,right_knee,79,156.5987225631655
3D,正解,right_knee,80,156.61329009773468
3D,正解,right_knee,81,156.59419358308722
3D,正解,right_knee,82,156.5274166709269
3D,正解,right_knee,83,156.43592659154393
3D,正解,right_knee,84,156.3473302004303
3D,正解,right_knee,85,156.28520503803074
3D,正解,right_knee,86,156.25809389353125
3D,正解,right_knee,87,156.25761147350113
3D,正解,right_knee,88,156.26458942678286
3D,正解,right_knee,89,156.27163053718914
3D,正解,right_knee,90,156.27630810064338
3D,正解,right_knee,91,156.27337096699677
3D,正解,right_knee,92,156.26454504066422
3D,正解,right_knee,93,156.25983755289795
3D,正解,right_knee,94,156.2535065001168
3D,正解,right_knee,95,156.24067160348375
3D,正解,right_knee,96,156.22122239563114
3D,正解,right_knee,97,156.19347352246763
3D,正解,right_knee,98,156.15249808773487
3D,正解,right_knee,99,156.11168168126417
3D,正解,right_knee,100,156.08204077858937
3D,正解,right_knee,101,156.05256710216483
